,up_bytes_mean,up_bytes_median,up_bytes_std,up_bytes_var,up_bytes_skew,up_bytes_kurt,up_bytes_perc25,up_bytes_perc50,up_bytes_perc75,up_bytes_perc90,up_bytes_silences,up_bytes_silence_mean,up_bytes_longest_silence,up_bytes_shortest_silence,up_packet_mean,up_packet_median,up_packet_std,up_packet_var,up_packet_skew,up_packet_kurt,up_packet_perc25,up_packet_perc50,up_packet_perc75,up_packet_perc90,up_packet_silence_mean,up_bytes_1max_y,up_bytes_2max_y,up_bytes_3max_y,up_bytes_4max_y,up_bytes_5max_y,up_bytes_1max_x,up_bytes_2max_x,up_bytes_3max_x,up_bytes_4max_x,up_bytes_5max_x,up_bytes_1min_y,up_bytes_2min_y,up_bytes_3min_y,up_bytes_4min_y,up_bytes_5min_y,up_bytes_1min_x,up_bytes_2min_x,up_bytes_3min_x,up_bytes_4min_x,up_bytes_5min_x,up_packet_1max_y,up_packet_2max_y,up_packet_3max_y,up_packet_4max_y,up_packet_5max_y,up_packet_1max_x,up_packet_2max_x,up_packet_3max_x,up_packet_4max_x,up_packet_5max_x,up_packet_1min_y,up_packet_2min_y,up_packet_2min_y,up_packet_4min_y,up_packet_5min_y,up_packet_1min_x,up_packet_2min_x,up_packet_3min_x,up_packet_4min_x,up_packet_5min_x,down_bytes_mean,down_bytes_median,down_bytes_std,down_bytes_var,down_bytes_skew,down_bytes_kurt,down_bytes_perc25,down_bytes_perc50,down_bytes_perc75,down_bytes_perc90,down_bytes_silences,down_bytes_silence_mean,down_bytes_longest_silence,down_bytes_shortest_silence,down_packet_mean,down_packet_median,down_packet_std,down_packet_var,down_packet_skew,down_packet_kurt,down_packet_perc25,down_packet_perc50,down_packet_perc75,down_packet_perc90,down_packet_silence_mean,down_packet_longest_silence,down_packet_shortest_silence,down_bytes_1max_y,down_bytes_2max_y,down_bytes_3max_y,down_bytes_4max_y,down_bytes_5max_y,down_bytes_1max_x,down_bytes_2max_x,down_bytes_3max_x,down_bytes_4max_x,down_bytes_5max_x,down_bytes_1min_y,down_bytes_2min_y,down_bytes_3min_y,down_bytes_4min_y,down_bytes_5min_y,down_bytes_1min_x,down_bytes_2min_x,down_bytes_3min_x,down_bytes_4min_x,down_bytes_5min_x,down_packet_1max_y,down_packet_2max_y,down_packet_3max_y,down_packet_4max_y,down_packet_5max_y,down_packet_1max_x,down_packet_2max_x,down_packet_3max_x,down_packet_4max_x,down_packet_5max_x,down_packet_1min_y,down_packet_2min_y,down_packet_2min_y,down_packet_4min_y,down_packet_5min_y,down_packet_1min_x,down_packet_2min_x,down_packet_3min_x,down_packet_4min_x,down_packet_5min_x,label
0,19790.51724137931,18403.0,17693.80885804058,313070871.9048752,1.738495784721848,4.67322331638095,3499.0,18403.0,27974.0,34634.399999999994,2.0,1.0,1.0,1.0,161.55172413793105,59.0,166.60661621314102,27757.764565992868,0.4780082899219624,-1.4240123480617959,12.0,59.0,306.0,394.99999999999994,1.0,0.01452079060832019,0.015259388054837918,0.0041709825037474805,-1.0,-1.0,10.374716437208077,4.481751009638427,2.679335048106606,-1.0,-1.0,0.010347939290041665,0.0026235217864289027,0.004038651145590256,-1.0,-1.0,12.008112557011405,7.456184193591156,3.0183288551868457,-1.0,-1.0,0.011875596736283337,0.013055310117721,0.006135810041503358,0.0008285895402155277,-1.0,10.60189314527793,7.8710848929327035,5.187358218604039,2.2167368234473575,-1.0,0.011658525639628856,0.009758229329565599,0.0053003417790768795,0.000404965761020425,-1.0,11.252607950552123,9.209513839623861,5.971630913165059,2.7528719415090603,-1.0,1425674.6551724137,451342.0,1611677.9339739168,2597505762858.433,0.6265804157270944,-1.2587151706251642,5252.0,451342.0,3033052.0,3792711.0,2.0,1.0,1.0,1.0,218.13793103448276,67.0,233.79385616804876,54659.56718192628,0.6028111911522885,-1.212110997906123,16.0,67.0,399.0,543.4,1.0,1.0,1.0,0.01619376905143673,0.01717067353997453,0.0007840559860715967,-1.0,-1.0,10.431050121535486,7.828576496701601,2.3023784599059653,-1.0,-1.0,0.01294452314591463,0.013482101307755153,0.000614393379730881,-1.0,-1.0,11.814609167515995,9.110309078053533,2.738004845949181,-1.0,-1.0,0.01373029202743373,0.01054280431931886,0.006889029927702951,0.0007866584983210102,-1.0,10.544636810128512,7.913824105551804,5.300946572638965,2.2167368234473575,-1.0,0.012941589657476793,0.009682899172880526,0.006452095477776065,0.0004969611232836656,-1.0,11.43690670713576,8.819060666462727,6.004056278505702,2.7232180412764495,-1.0,netflix
1,1365.516129032258,322.0,2713.15546408983,7361212.5723205,3.3550869903485676,12.177422918702522,27.0,322.0,1425.0,4037.0,8.0,1.0,1.0,1.0,10.548387096774194,4.0,15.110002475774055,228.31217481789804,1.852413218226676,2.4707381690390413,0.5,4.0,14.5,23.0,1.0,0.004375086646461231,0.011211883729963625,0.020058987909568955,0.010170467822734392,-1.0,10.374716437208077,5.329730188332646,3.956912052775902,2.4173686472531632,-1.0,0.002927000912029436,0.003782366408062008,0.011162302788006454,0.006679293048840479,-1.0,12.138872329585718,9.159777155454433,5.076203828766933,2.9858154565825297,-1.0,0.010916470610521558,0.008397511187518861,0.02628312784121583,-1.0,-1.0,10.318686987253326,6.135527991363824,3.8931488351584664,-1.0,-1.0,0.002242269164613269,0.005333126038081567,0.007421164131953681,-1.0,-1.0,13.237534141249554,7.786297670316933,5.272318405064256,-1.0,-1.0,93692.64516129032,340.0,196814.45554429348,38735929911.19668,2.2318265147485548,4.3913096615561935,0.0,340.0,1331.5,344858.0,9.0,1.0,1.0,1.0,13.32258064516129,5.0,21.63388485652616,468.02497398543187,2.3839794439792406,5.6113276434626265,0.0,5.0,15.5,43.0,1.0,1.0,1.0,0.007640408348912766,0.005620473253698608,0.03386964655367591,-1.0,-1.0,10.318686987253326,6.372568605369068,3.8721235869845887,-1.0,-1.0,0.002164630353650989,0.004841386459627026,0.003822773851520128,-1.0,-1.0,12.95388108155891,7.7024237745445,5.215525060767743,-1.0,-1.0,0.009691164366485755,0.008046769952995494,0.008207843573787914,0.026202646531393283,-1.0,10.262960128630226,7.7024237745445,6.512109687429391,3.8721235869845887,-1.0,0.0012386823914581834,0.007440039702671003,0.007984860210298938,0.0056697076470732174,-1.0,13.527398394154442,8.771432654531015,7.217816671226496,5.215525060767743,-1.0,netflix
2,1971.6666666666667,126.0,4752.56564628225,22586880.222222216,3.2397597437910823,9.638548885097451,0.0,126.0,1689.0,3582.900000000002,9.0,1.2857142857142858,2.0,1.0,11.066666666666666,2.0,17.964656659365605,322.728888888889,1.65846765094208,1.2902425013007273,0.0,2.0,11.75,40.80000000000001,1.2857142857142858,0.017423341846864875,0.013466607929463017,-1.0,-1.0,-1.0,4.177095129709655,2.4173686472531632,-1.0,-1.0,-1.0,0.0009891529649755852,0.007440964459942718,-1.0,-1.0,-1.0,9.82784428885496,3.118008800475674,-1.0,-1.0,-1.0,0.006656155648362152,0.005921021794978586,0.03945177079770267,-1.0,-1.0,10.374716437208077,5.971630913165059,3.8721235869845887,-1.0,-1.0,0.0012160665494082082,0.0012978592892219753,0.004881274864747572,-1.0,-1.0,13.381681437132773,7.786297670316933,5.187358218604039,-1.0,-1.0,98200.6,147.5,178442.8498843257,31841850674.84,1.5447124814793984,0.8022196240065154,0.0,147.5,118766.75,428253.80000000005,9.0,1.2857142857142858,2.0,1.0,11.933333333333334,2.0,18.87137750374595,356.12888888888875,1.585883951827958,1.072953023217118,0.0,2.0,14.0,42.80000000000001,1.2857142857142858,2.0,1.0,0.005295623619308996,0.005242752608039536,0.043665970365837664,-1.0,-1.0,10.318686987253326,6.069436164792859,3.8721235869845887,-1.0,-1.0,0.0007971146094679647,0.0011625699451977135,0.004097199424277746,-1.0,-1.0,13.454342644059432,7.828576496701601,5.243844846099058,-1.0,-1.0,0.00496403620174724,0.006591392584502516,0.03959611966134831,-1.0,-1.0,10.318686987253326,6.004056278505702,3.8721235869845887,-1.0,-1.0,0.0005338202158651795,0.001176676459209093,0.005168599628511515,-1.0,-1.0,13.674702104803703,7.913824105551804,5.187358218604039,-1.0,-1.0,netflix
3,5310.8387096774195,383.0,14876.5593080172,221312016.84495318,3.4725306768904494,10.275353423800134,0.0,383.0,3279.0,4617.0,9.0,1.8,3.0,1.0,86.74193548387096,4.0,272.2425351021301,74115.99791883453,3.5311360943480405,10.590504700060167,0.0,4.0,40.0,53.0,1.8,0.015120647970930792,0.012927509942939126,-1.0,-1.0,-1.0,10.318686987253326,7.828576496701601,-1.0,-1.0,-1.0,0.008203229368044806,0.011743957524381458,-1.0,-1.0,-1.0,12.337686603263526,8.819060666462727,-1.0,-1.0,-1.0,0.01490789477152682,0.011881446950196344,-1.0,-1.0,-1.0,10.318686987253326,7.828576496701601,-1.0,-1.0,-1.0,0.008507443916842451,0.01114852095321715,-1.0,-1.0,-1.0,12.337686603263526,8.724061861322062,-1.0,-1.0,-1.0,911807.5161290322,240.0,2933477.505070829,8605290272756.573,3.518756264319713,10.475425472395969,0.0,240.0,404873.5,596669.0,12.0,1.7142857142857142,3.0,1.0,98.41935483870968,4.0,313.656661910558,98380.50156087408,3.520957374970372,10.471748170822961,0.0,4.0,42.0,58.0,1.7142857142857142,3.0,1.0,0.015172259742867532,0.011661853694126947,-1.0,-1.0,-1.0,10.318686987253326,7.8710848929327035,-1.0,-1.0,-1.0,0.00873424142341086,0.011114779250170763,-1.0,-1.0,-1.0,12.271055982727647,8.676946897706474,-1.0,-1.0,-1.0,0.014937183098705042,0.01179700687400406,-1.0,-1.0,-1.0,10.318686987253326,7.828576496701601,-1.0,-1.0,-1.0,0.008523396402560756,0.011113552636707795,-1.0,-1.0,-1.0,12.337686603263526,8.724061861322062,-1.0,-1.0,-1.0,netflix
4,2135.032258064516,216.0,3549.2388869134707,12597096.676378774,2.386976327500941,5.370788484486724,0.0,216.0,2884.0,5048.0,10.0,1.4285714285714286,3.0,1.0,11.806451612903226,2.0,19.04564865186375,362.73673257023944,1.5401447725389228,1.0116537187399004,0.0,2.0,14.5,43.0,1.4285714285714286,0.0032934330922318334,0.019842116156796694,0.01276555641607905,-1.0,-1.0,10.487689692198115,4.065513259643812,2.4173686472531632,-1.0,-1.0,0.0029631019329886847,0.0013768555701509004,0.00712264930233562,-1.0,-1.0,11.624223966792421,8.043439208902422,3.051196301489077,-1.0,-1.0,0.0022002777196703694,0.0030935265139841175,0.04617792751554919,-1.0,-1.0,10.431050121535486,7.828576496701601,3.8721235869845887,-1.0,-1.0,0.0019517734045691052,0.0020255047267201415,0.001072927315449621,-1.0,-1.0,11.624223966792421,9.41117593320225,6.135527991363824,-1.0,-1.0,106368.03225806452,205.0,187926.82274543066,35316490707.19251,1.439474110356184,0.6045285888503109,0.0,205.0,122390.0,404508.0,14.0,1.75,3.0,1.0,12.870967741935484,3.0,20.517092693943322,420.9510926118625,1.4893301241231038,0.824787308886449,0.0,3.0,17.5,46.0,1.75,3.0,1.0,0.0024243262247068726,0.04969716823458051,-1.0,-1.0,-1.0,10.431050121535486,3.8721235869845887,-1.0,-1.0,-1.0,0.0018518203410822032,0.0008060859581916781,-1.0,-1.0,-1.0,11.943261826330119,6.618767070624777,-1.0,-1.0,-1.0,0.002491145005665854,0.04601441463891555,-1.0,-1.0,-1.0,7.828576496701601,3.8721235869845887,-1.0,-1.0,-1.0,0.001549493105061209,0.001069574036660795,-1.0,-1.0,-1.0,9.462277687874728,6.269878559862212,-1.0,-1.0,-1.0,netflix
5,764.1290322580645,54.0,1312.75796216273,1723333.467221644,1.5149175690048409,0.8670989387034842,0.0,54.0,885.0,2634.0,13.0,1.625,3.0,1.0,9.064516129032258,1.0,15.290594798175706,233.80228928199793,1.478152714240608,0.5823201856441309,0.0,1.0,8.5,33.0,1.625,0.0027239693632871466,0.0030801039316740593,0.04835974560629377,-1.0,-1.0,10.318686987253326,6.135527991363824,3.8721235869845887,-1.0,-1.0,0.0007150805692544376,0.0010757050747147079,0.0025744168433180165,-1.0,-1.0,13.024219374858783,7.956795387869065,5.417022187747571,-1.0,-1.0,0.0023320518631695323,0.0028658641415632035,0.04799503769450519,-1.0,-1.0,10.318686987253326,6.236017600951348,3.8721235869845887,-1.0,-1.0,0.0005267577290967713,0.0016651377019488078,0.0025164132349752366,-1.0,-1.0,13.094939598135715,8.583478940207804,5.535639527855328,-1.0,-1.0,93087.58064516129,60.0,171520.7258223641,29419359386.630596,1.5913940728965734,1.048864686023169,0.0,60.0,80932.5,371564.0,13.0,1.625,3.0,1.0,10.35483870967742,1.0,17.216924132576313,296.42247658688865,1.4504051587304996,0.40898097503062036,0.0,1.0,8.5,40.0,1.625,3.0,1.0,0.002870943073712748,0.047099130196002835,-1.0,-1.0,-1.0,10.374716437208077,3.8721235869845887,-1.0,-1.0,-1.0,0.0010942915445172929,0.0005968840312319118,-1.0,-1.0,-1.0,12.745137210738136,7.828576496701601,-1.0,-1.0,-1.0,0.001319519074534976,0.0021330077534747745,0.049110437910669186,-1.0,-1.0,10.207534227171136,6.476940540779455,3.8721235869845887,-1.0,-1.0,0.0004788835476843607,0.001256664725879562,0.001979168537223963,-1.0,-1.0,12.745137210738136,9.462277687874728,5.71845335356788,-1.0,-1.0,netflix
6,1014.9333333333333,0.0,2252.5514116712684,5073987.862222224,3.5722002068476173,13.754640875114962,0.0,0.0,1594.5,2924.1000000000004,16.0,1.6,3.0,1.0,6.733333333333333,0.0,11.17119311244576,124.79555555555557,1.7418852132531333,2.1186240927052413,0.0,0.0,13.0,18.80000000000001,1.6,0.008727747002752199,0.011323317218266939,0.015438569423612023,0.008276630760324515,-1.0,10.262960128630226,6.547469799067858,3.8097266836353483,2.3400875393665004,-1.0,0.0031759144269755345,0.007871560310862691,0.0067460915672804276,0.007754879199458103,-1.0,12.745137210738136,9.209513839623861,5.076203828766933,2.664865094166323,-1.0,0.0022201187700812562,0.004421975035579409,0.04225384260775244,0.003130519704167329,-1.0,10.318686987253326,6.20233951074,3.8721235869845887,2.1928581636327538,-1.0,0.0018061388783104163,0.0020791329581456982,0.004195054883925454,0.002482958234918445,-1.0,11.750803466695855,9.462277687874728,5.535639527855328,2.510761514049382,-1.0,64329.7,0.0,120350.33626490898,14484203439.076666,1.8533616018292698,2.3734675187591483,0.0,0.0,103999.5,212487.90000000017,16.0,1.6,3.0,1.0,7.6,0.0,12.249081598226049,150.04000000000002,1.604868985214842,1.420511199679373,0.0,0.0,13.75,26.500000000000007,1.6,3.0,1.0,0.0425440373890091,-1.0,-1.0,-1.0,-1.0,3.8721235869845887,-1.0,-1.0,-1.0,-1.0,0.0012379922776195778,-1.0,-1.0,-1.0,-1.0,9.209513839623861,-1.0,-1.0,-1.0,-1.0,0.005190318453247251,0.006331352961783999,0.03512094483187009,0.00457813403383686,-1.0,10.262960128630226,7.578303926347862,3.8931488351584664,2.1810154653305154,-1.0,0.0019487382660679493,0.00466133797713084,0.004264859533642871,0.003386112998294107,-1.0,12.67630612201995,9.209513839623861,5.387767144931783,2.551883556792784,-1.0,netflix
7,605.4827586206897,54.0,1022.6357635420094,1045783.9048751484,1.3490164409606615,0.08627488928433014,0.0,54.0,270.0,2299.2,13.0,1.0833333333333333,2.0,1.0,6.862068965517241,1.0,11.097449653989424,123.15338882282998,1.3100358134283863,-0.09156366071876976,0.0,1.0,5.0,26.4,1.0833333333333333,0.004373142689048348,0.00281249647301481,0.05100172580571336,-1.0,-1.0,10.318686987253326,6.20233951074,3.8721235869845887,-1.0,-1.0,0.00046258343050405794,0.0011729469399686019,0.0021222681909636183,-1.0,-1.0,13.674702104803703,7.744247173969177,5.446436082552899,-1.0,-1.0,0.005092370792977478,0.0026783972685806446,0.04939278575113107,-1.0,-1.0,10.318686987253326,6.441961327797017,3.8721235869845887,-1.0,-1.0,0.00017064552980937202,0.0025341716230009026,0.002070925858648371,-1.0,-1.0,14.28013289055148,7.217816671226496,5.505743883018121,-1.0,-1.0,72579.27586206897,60.0,128213.79777809608,16438777940.682516,1.4832544162367263,0.7041373262421224,0.0,60.0,48097.0,291595.39999999997,13.0,1.0833333333333333,2.0,1.0,7.206896551724138,1.0,11.654152169179959,135.81926278240192,1.3457321163532674,0.08802159713906166,0.0,1.0,6.0,27.2,1.0833333333333333,2.0,1.0,0.006422402976089599,0.004240319537956553,0.0467333487538329,-1.0,-1.0,10.374716437208077,6.20233951074,3.8721235869845887,-1.0,-1.0,0.001141276041963539,0.001358389827091941,0.002882759684006012,-1.0,-1.0,13.381681437132773,7.744247173969177,5.329730188332646,-1.0,-1.0,0.005434834702811772,0.003049219397718864,0.04795013939010778,-1.0,-1.0,10.318686987253326,6.547469799067858,3.8721235869845887,-1.0,-1.0,0.00010679891605279963,0.0030180998160101763,0.002344835956315103,-1.0,-1.0,14.67206469127474,6.987069544796676,5.476009691898362,-1.0,-1.0,netflix
8,1878.4516129032259,756.0,3469.8142726042793,12039611.086368365,3.117419286927997,9.279936812363012,0.0,756.0,2121.0,3465.0,10.0,1.6666666666666667,2.0,1.0,13.67741935483871,13.0,16.24487432168582,263.8959417273673,1.4625754931842032,2.464246991777011,0.0,13.0,23.5,32.0,1.6666666666666667,0.01434420656858953,0.012602774760358955,0.013550566913758607,0.007910234512918,-1.0,10.318686987253326,6.004056278505702,3.8721235869845887,2.404313462905406,-1.0,0.004934783558395452,0.0026687112527746704,0.007668670351528799,0.006756400187039902,-1.0,12.814342045461547,7.828576496701601,4.756828460010884,2.8284271247461903,-1.0,0.0052239321734479285,0.007370429774275714,0.03728802548032137,0.004687376374168618,-1.0,10.318686987253326,6.102392602978154,3.8721235869845887,2.327449717555155,-1.0,0.0013788900269160866,0.00200551302375509,0.005409821743484696,0.004132671614985794,-1.0,13.024219374858783,8.0,5.159343493626663,2.636159202532128,-1.0,122046.06451612903,120871.0,136066.2729256108,18514030627.866806,0.7586426065521428,-0.37880893509404157,0.0,120871.0,227827.5,259945.0,12.0,1.5,2.0,1.0,15.096774193548388,13.0,17.184679671167114,295.3132154006243,1.0430737810174853,0.7791564969281315,0.0,13.0,25.5,34.0,1.5,2.0,1.0,0.0018711847508257448,0.002765454920669717,0.050910673967258194,-1.0,-1.0,10.431050121535486,6.168843301631763,3.8721235869845887,-1.0,-1.0,0.001273623149703311,0.00040736313804004337,0.001817177086152296,-1.0,-1.0,12.138872329585718,7.956795387869065,5.329730188332646,-1.0,-1.0,0.004855325296404465,0.0074654674165894495,0.04045053128743297,0.0038091486886697133,-1.0,10.318686987253326,6.102392602978154,3.8721235869845887,2.3527939833005624,-1.0,0.000503595798856928,0.0015828480615161396,0.0051598488876949365,0.0035278777539261338,-1.0,13.674702104803703,8.0,5.159343493626663,2.6077625303838716,-1.0,netflix
9,744.258064516129,54.0,1111.1472991910118,1234648.3204994798,1.6148258495934213,1.5717306035089758,0.0,54.0,1074.0,1878.0,14.0,1.75,3.0,1.0,7.967741935483871,1.0,11.017534034050778,121.38605619146719,1.4542488798899873,1.2466521616086466,0.0,1.0,13.0,19.0,1.75,0.042537752766003974,-1.0,-1.0,-1.0,-1.0,3.8721235869845887,-1.0,-1.0,-1.0,-1.0,0.0007898353882893959,-1.0,-1.0,-1.0,-1.0,9.82784428885496,-1.0,-1.0,-1.0,-1.0,0.0035940284739586817,0.038960183951466824,0.003278057689087068,-1.0,-1.0,7.6194533672706966,3.8931488351584664,2.3400875393665004,-1.0,-1.0,0.00029697373395870725,0.0028425788422615592,0.003245943249198855,-1.0,-1.0,10.207534227171136,6.476940540779455,2.45696107221374,-1.0,-1.0,80610.74193548386,60.0,119740.76708132333,14337851301.223722,1.4880260625401363,1.2594962060765873,0.0,60.0,144810.5,228634.0,14.0,1.75,3.0,1.0,8.32258064516129,1.0,11.340441752715023,128.60561914672218,1.3957599128515232,1.0590588238436611,0.0,1.0,13.5,22.0,1.75,3.0,1.0,0.003605598634328706,0.03943173757141249,0.003890212480380636,-1.0,-1.0,7.744247173969177,3.8721235869845887,2.3023784599059653,-1.0,-1.0,0.00039260133932728124,0.0017871142937855979,0.0036996296546734906,-1.0,-1.0,10.207534227171136,6.372568605369068,2.4972019543784096,-1.0,-1.0,0.003932965133775242,0.038188718337743205,0.003370856344492198,-1.0,-1.0,7.6194533672706966,3.8931488351584664,2.365569421968682,-1.0,-1.0,0.0004795255608810485,0.0030021089232492317,0.0033639224236950596,-1.0,-1.0,10.207534227171136,6.441961327797017,2.430494719960938,-1.0,-1.0,netflix
10,1430.4666666666667,324.0,2949.215282447557,8697870.782222223,3.054484716776271,8.218204237657217,0.0,324.0,1581.0,2432.2000000000003,13.0,1.625,2.0,1.0,7.366666666666666,1.5,9.914579612312812,98.29888888888885,1.3970855183409228,1.3562408150920877,0.0,1.5,13.0,18.400000000000006,1.625,0.011912200290645924,0.013588610685234552,0.01186095022824591,0.009774131022285958,-1.0,10.318686987253326,7.744247173969177,5.565697503087705,3.9783976939345327,-1.0,0.007584097815325525,0.01038441109644233,0.011658592236072346,0.009149222433460651,-1.0,12.204785205956307,9.159777155454433,6.135527991363824,4.45754697038357,-1.0,0.0011031897818144843,0.03725120428205365,0.004932929232104272,-1.0,-1.0,7.828576496701601,3.9355424464663518,2.1692367244266184,-1.0,-1.0,0.0005188377495553343,0.0008329314139442174,0.0033387902713340233,-1.0,-1.0,9.669474589012653,6.911804923847351,2.5657400321575565,-1.0,-1.0,67578.83333333333,135.0,100984.21262424583,10197811199.338892,1.671435021720228,2.2693028922146787,0.0,135.0,105384.5,200760.40000000005,13.0,1.625,2.0,1.0,8.266666666666667,1.5,11.203967551224384,125.52888888888893,1.358642810598518,1.044487715854479,0.0,1.5,13.0,22.60000000000001,1.625,2.0,1.0,0.0021530225189938784,0.03545659553512132,0.005230540648727458,-1.0,-1.0,10.659460376665292,3.956912052775902,2.1692367244266184,-1.0,-1.0,0.0020654115199177808,0.0007842105131566843,0.0030628991025684117,-1.0,-1.0,11.43690670713576,6.987069544796676,2.6077625303838716,-1.0,-1.0,0.0009963657087708488,0.035861512483291176,0.00462797525917301,-1.0,-1.0,7.7024237745445,3.9355424464663518,2.1928581636327538,-1.0,-1.0,0.00024118135211662395,0.0008833035532253969,0.0035431794753428875,-1.0,-1.0,9.82784428885496,7.025008641493198,2.5657400321575565,-1.0,-1.0,netflix
11,694.4516129032259,756.0,792.2422177147951,627647.7315296567,0.9094385874250476,-0.024463776653259384,0.0,756.0,999.0,1809.0,14.0,1.75,2.0,1.0,7.774193548387097,1.0,13.846414878761836,191.72320499479713,1.8501178853583347,2.412688273267781,0.0,1.0,8.5,26.0,1.75,0.012033288658659522,0.0046285756873054905,0.03775864348998601,-1.0,-1.0,10.318686987253326,6.168843301631763,3.8721235869845887,-1.0,-1.0,0.002234620391586578,0.0017257075428156346,0.0029644730231987047,-1.0,-1.0,13.237534141249554,7.6194533672706966,5.215525060767743,-1.0,-1.0,0.009238022884260774,0.004108255293059893,0.039984757748821965,-1.0,-1.0,10.318686987253326,6.20233951074,3.8721235869845887,-1.0,-1.0,0.0009706582527732164,0.0013920815748141356,0.0024242146949812857,-1.0,-1.0,13.600850829748188,7.66082624558859,5.243844846099058,-1.0,-1.0,82647.48387096774,60.0,157113.12096782285,24684532780.249737,1.9204742205909167,2.9061596596478534,0.0,60.0,97516.0,266816.0,14.0,1.75,2.0,1.0,8.0,1.0,14.276079700425576,203.80645161290323,1.8336012915266813,2.287724486363296,0.0,1.0,8.5,27.0,1.75,2.0,1.0,0.007445176371336952,0.0035406208194893093,0.040920858021346575,-1.0,-1.0,10.318686987253326,6.135527991363824,3.8721235869845887,-1.0,-1.0,0.001606892861193663,0.0012786613493720215,0.002731754763370475,-1.0,-1.0,13.16604382523172,7.66082624558859,5.300946572638965,-1.0,-1.0,0.009443466425890059,0.004244620439250714,0.03976454586220515,-1.0,-1.0,10.318686987253326,6.20233951074,3.8721235869845887,-1.0,-1.0,0.0008481397583575594,0.001503697938066532,0.00237363559233717,-1.0,-1.0,13.674702104803703,7.66082624558859,5.243844846099058,-1.0,-1.0,netflix
12,1188.4516129032259,906.0,2384.013988900148,5683522.699271594,4.312464903871252,19.34458350504351,0.0,906.0,1646.0,2214.0,11.0,1.5714285714285714,2.0,1.0,9.903225806451612,1.0,16.199073726425617,262.4099895941727,1.370525854304272,0.22108225263948755,0.0,1.0,12.5,41.0,1.5714285714285714,0.007052457682840579,0.004654616279575235,0.021262040895007234,-1.0,-1.0,10.374716437208077,8.0,3.830413122794295,-1.0,-1.0,0.0050261166723851594,0.004636174618572945,0.004458308692058545,-1.0,-1.0,12.008112557011405,8.399552686405498,7.063153743733091,-1.0,-1.0,0.000905313221600864,0.05489778723259107,0.0010926043444376482,-1.0,-1.0,7.786297670316933,3.8721235869845887,2.145869735051951,-1.0,-1.0,0.00031858939616150294,0.0002100509229666386,0.0010460579331884202,-1.0,-1.0,11.375140817353325,5.843671176722588,2.327449717555155,-1.0,-1.0,101993.67741935483,60.0,178085.7416600375,31714531382.605618,1.2851054041870271,-0.1269746481636549,0.0,60.0,114474.5,396678.0,13.0,1.625,2.0,1.0,10.580645161290322,1.0,17.692305952202712,313.0176899063476,1.382406441184816,0.23317138954370087,0.0,1.0,13.0,43.0,1.625,2.0,1.0,0.0009830229991871278,0.0009041501799129865,0.05448721715833985,0.0007780170258195287,-1.0,10.431050121535486,6.102392602978154,3.8721235869845887,2.204765166615682,-1.0,0.0007362041365700753,0.0005214188245165814,0.0008542269064340316,0.0007728498794765185,-1.0,12.008112557011405,7.956795387869065,5.626303975276062,2.2899442888636083,-1.0,0.0010888457299523496,0.05407143728394463,0.0010447112138881648,-1.0,-1.0,7.786297670316933,3.8721235869845887,2.1810154653305154,-1.0,-1.0,0.00042391847563896204,0.00030424522156783024,0.001033646938692608,-1.0,-1.0,10.043046056197529,5.971630913165059,2.2899442888636083,-1.0,-1.0,netflix
13,1179.3225806451612,0.0,2615.6808573590606,6841786.347554631,3.8306175386314925,15.726842227408508,0.0,0.0,1798.0,2634.0,16.0,1.6,3.0,1.0,10.064516129032258,0.0,16.911411462946983,285.99583766909467,1.365970902582026,0.2811611526248754,0.0,0.0,14.5,39.0,1.6,0.008344588097312486,0.010317479495143349,0.024027334676308645,-1.0,-1.0,10.262960128630226,7.744247173969177,3.85121188727225,-1.0,-1.0,0.002719163927989551,0.007519817914433175,0.004854453908329186,-1.0,-1.0,12.814342045461547,9.259520589070009,5.187358218604039,-1.0,-1.0,0.002058293370471958,0.052496206619505874,-1.0,-1.0,-1.0,7.786297670316933,3.8721235869845887,-1.0,-1.0,-1.0,0.0006251248938651678,0.0007499187251340235,-1.0,-1.0,-1.0,11.750803466695855,6.036657710373691,-1.0,-1.0,-1.0,107810.96774193548,0.0,187083.9856654835,35000417692.48283,1.2704857506754326,-0.1272955492441903,0.0,0.0,159914.0,410989.0,16.0,1.6,3.0,1.0,11.161290322580646,0.0,18.808194463590304,353.748178980229,1.3455556862974576,0.16423520050645735,0.0,0.0,15.5,40.0,1.6,3.0,1.0,0.001922186610883703,0.05444287080886497,-1.0,-1.0,-1.0,7.786297670316933,3.8721235869845887,-1.0,-1.0,-1.0,0.0003753368368595861,0.0005727669708374407,-1.0,-1.0,-1.0,12.539757119724424,5.907304583757997,-1.0,-1.0,-1.0,0.0015027289971018465,0.0025149923454442532,0.052778909610389856,-1.0,-1.0,10.207534227171136,7.786297670316933,3.8721235869845887,-1.0,-1.0,0.0004421182590943132,0.0014597743677702696,0.0007739204575887721,-1.0,-1.0,12.95388108155891,9.565315136318619,5.595918690153245,-1.0,-1.0,netflix
14,599.4,0.0,1032.8985622993189,1066879.44,1.4501781699520047,0.6948819999476319,0.0,0.0,1152.0,2288.4,19.0,1.9,3.0,1.0,5.8,0.0,9.967948635501688,99.35999999999997,1.4973757832349521,0.7944506678491146,0.0,0.0,9.5,23.200000000000003,1.9,0.004696966087970679,0.049266346449769974,-1.0,-1.0,-1.0,10.374716437208077,3.8721235869845887,-1.0,-1.0,-1.0,0.0026421355946603655,0.0006253073336055929,-1.0,-1.0,-1.0,12.271055982727647,7.14006644527574,-1.0,-1.0,-1.0,0.0037601895312683047,0.047187502715129837,-1.0,-1.0,-1.0,10.487689692198115,3.8721235869845887,-1.0,-1.0,-1.0,0.0031713585865293533,0.00045651543609117473,-1.0,-1.0,-1.0,11.750803466695855,7.063153743733091,-1.0,-1.0,-1.0,66548.76666666666,0.0,120155.90777033071,14437442172.11222,1.5652766783442822,1.0252744055585294,0.0,0.0,96586.5,237222.60000000015,19.0,1.9,3.0,1.0,6.0,0.0,10.449880382090505,109.2,1.5665216032538496,1.0628144749023862,0.0,0.0,9.5,23.300000000000004,1.9,3.0,1.0,0.005052337784557457,0.0007692467476947507,0.04839158164146003,-1.0,-1.0,10.374716437208077,6.303923380431546,3.8721235869845887,-1.0,-1.0,0.0025367638726027145,0.0007510488258458432,0.0007662158430534313,-1.0,-1.0,12.40467902148,6.911804923847351,6.004056278505702,-1.0,-1.0,0.004044168436373966,0.04588519439962936,0.0022160034337978234,-1.0,-1.0,10.487689692198115,3.8721235869845887,2.327449717555155,-1.0,-1.0,0.003402004612158632,0.0006240609900562245,0.0022089063292243466,-1.0,-1.0,11.750803466695855,7.178836300012429,2.4173686472531632,-1.0,-1.0,netflix
15,1086.6,0.0,2275.8628781189786,5179551.840000001,3.13636907903696,10.764162477364247,0.0,0.0,1864.5,2497.5000000000027,18.0,2.0,3.0,1.0,8.033333333333333,0.0,14.08659725491654,198.4322222222222,1.734662891128572,2.018769892506935,0.0,0.0,14.5,26.1,2.0,0.003181949839382915,0.02089175103475447,0.010420320313157788,-1.0,-1.0,10.318686987253326,3.9355424464663518,2.404313462905406,-1.0,-1.0,0.002247323997156049,0.0029754378625462376,0.008371332957352366,-1.0,-1.0,12.073315420747383,9.462277687874728,2.8747519948979647,-1.0,-1.0,0.006792598009775902,0.002759996703627121,0.04436588654503359,-1.0,-1.0,10.318686987253326,6.135527991363824,3.8721235869845887,-1.0,-1.0,0.00174535823912446,0.0012954655994056993,0.00235098302513057,-1.0,-1.0,12.95388108155891,7.6194533672706966,5.417022187747571,-1.0,-1.0,90110.56666666667,0.0,157632.7091293097,24848070987.445553,1.4674706477669868,0.8123681422614459,0.0,0.0,185520.75,305506.4,18.0,2.0,3.0,1.0,8.566666666666666,0.0,14.734728440735589,217.11222222222221,1.7287711680116655,2.0773108276137053,0.0,0.0,16.0,26.200000000000003,2.0,3.0,1.0,0.0043858651775208046,0.04978342569950391,-1.0,-1.0,-1.0,10.374716437208077,3.8721235869845887,-1.0,-1.0,-1.0,0.0017966648562174829,0.0006498508971497154,-1.0,-1.0,-1.0,12.607846760863092,7.217816671226496,-1.0,-1.0,-1.0,0.00601661727055987,0.0035619658314013742,0.04443466791459948,-1.0,-1.0,10.318686987253326,6.069436164792859,3.8721235869845887,-1.0,-1.0,0.0012416014393817215,0.0010256789455160226,0.0030827222725533713,-1.0,-1.0,13.16604382523172,7.744247173969177,5.358670096213212,-1.0,-1.0,netflix
16,1014.8064516129032,0.0,1574.3383949754452,2478541.3818938606,1.3807690048013677,0.693499048372519,0.0,0.0,2121.0,3429.0,17.0,2.4285714285714284,3.0,1.0,7.354838709677419,0.0,12.230444264599273,149.58376690946926,1.337018726519952,0.13155666258752596,0.0,0.0,9.0,29.0,2.4285714285714284,0.013219720667496895,0.021859564438875257,-1.0,-1.0,-1.0,10.318686987253326,3.830413122794295,-1.0,-1.0,-1.0,0.0027671229291402204,0.004139145060022793,-1.0,-1.0,-1.0,13.16604382523172,6.441961327797017,-1.0,-1.0,-1.0,0.00156118578762043,0.0022290648750803266,0.05272987887990991,-1.0,-1.0,10.318686987253326,6.135527991363824,3.8721235869845887,-1.0,-1.0,0.00010318639341863561,0.0003538391917201757,0.0017921172281255497,-1.0,-1.0,13.89867068218965,7.956795387869065,5.446436082552899,-1.0,-1.0,74082.32258064517,0.0,132878.56152539141,17656712113.05723,1.485300806323336,0.8097565427835756,0.0,0.0,66815.5,290023.0,20.0,2.5,3.0,1.0,7.967741935483871,0.0,13.118526350578486,172.0957336108221,1.2803720290686629,-0.07294362797017762,0.0,0.0,10.5,32.0,2.5,3.0,1.0,0.002546619032411859,0.002225344270259205,0.0507941757753213,-1.0,-1.0,10.318686987253326,6.168843301631763,3.8721235869845887,-1.0,-1.0,0.00024372826236127696,0.0005621438567711604,0.001745816841002431,-1.0,-1.0,13.748954384979823,7.828576496701601,5.476009691898362,-1.0,-1.0,0.0013897319495673873,0.0014806742435930422,0.053207819421767055,-1.0,-1.0,10.318686987253326,5.875401733347927,3.8721235869845887,-1.0,-1.0,0.0001285435213134386,0.0005885550215216682,0.0014806516287183325,-1.0,-1.0,13.748954384979823,7.913824105551804,5.843671176722588,-1.0,-1.0,netflix
17,1216.2,0.0,2354.056702800508,5541582.959999999,2.7345586233056856,8.466190367050109,0.0,0.0,2350.5,3431.700000000001,18.0,2.0,3.0,1.0,10.433333333333334,0.0,17.4005427756978,302.77888888888896,1.266948440645703,-0.12286942233202058,0.0,0.0,19.0,40.60000000000001,2.0,0.00818483463234559,0.011370475965516224,0.01959083153774112,-1.0,-1.0,10.262960128630226,7.786297670316933,3.9355424464663518,-1.0,-1.0,0.004504673871163202,0.007671805398854156,0.0066993263657816006,-1.0,-1.0,12.40467902148,9.41117593320225,5.535639527855328,-1.0,-1.0,0.0014046079096087538,0.002568962079676207,0.053283577417333076,-1.0,-1.0,10.207534227171136,7.786297670316933,3.8721235869845887,-1.0,-1.0,0.0002810233838269155,0.0013733714706422936,0.0013276262304906738,-1.0,-1.0,13.309412642613891,9.617253851621625,6.168843301631763,-1.0,-1.0,116184.1,0.0,202785.7588641027,41122063998.09001,1.4308514225761833,0.6133655981475927,0.0,0.0,231429.25,416312.70000000007,18.0,2.0,3.0,1.0,11.833333333333334,0.0,19.375385300828356,375.40555555555545,1.2833680332519648,-0.012295296862065541,0.0,0.0,22.75,44.100000000000016,2.0,3.0,1.0,0.004322405325979199,0.04977478174462388,-1.0,-1.0,-1.0,7.744247173969177,3.8721235869845887,-1.0,-1.0,-1.0,0.0006452127177359685,0.0016622468139859874,-1.0,-1.0,-1.0,12.337686603263526,6.102392602978154,-1.0,-1.0,-1.0,0.002229410797677818,0.002581592643764854,0.05173986684808359,-1.0,-1.0,10.318686987253326,7.828576496701601,3.8721235869845887,-1.0,-1.0,0.0005719063654470764,0.0019545881635326563,0.0016359752341381457,-1.0,-1.0,13.094939598135715,9.209513839623861,6.20233951074,-1.0,-1.0,netflix
18,720.0333333333333,0.0,1265.4875867515343,1601458.8322222224,1.5918857016395234,1.296822285161321,0.0,0.0,1494.0,2191.200000000001,19.0,2.111111111111111,3.0,1.0,8.033333333333333,0.0,14.2325526717998,202.56555555555562,1.64708139586606,1.4287509901900135,0.0,0.0,15.5,24.800000000000026,2.111111111111111,0.004576296362566802,0.04655808857191612,-1.0,-1.0,-1.0,10.318686987253326,3.8721235869845887,-1.0,-1.0,-1.0,0.0021713719309269844,0.0011288267116065101,-1.0,-1.0,-1.0,12.472035201902695,6.6547063213069455,-1.0,-1.0,-1.0,0.0034787622732429563,0.04499647874783698,-1.0,-1.0,-1.0,10.318686987253326,3.8721235869845887,-1.0,-1.0,-1.0,0.002172945134212313,0.0013361963128490765,-1.0,-1.0,-1.0,12.204785205956307,6.441961327797017,-1.0,-1.0,-1.0,94840.33333333333,0.0,173053.27316298362,29947435352.42223,1.70715071071457,1.8496985161085124,0.0,0.0,168978.0,308963.0000000001,19.0,2.111111111111111,3.0,1.0,8.666666666666666,0.0,15.412837362262525,237.55555555555563,1.6421179917597781,1.3634302360686084,0.0,0.0,15.5,27.900000000000027,2.111111111111111,3.0,1.0,0.0037874336965301823,0.046055476474151424,-1.0,-1.0,-1.0,10.374716437208077,3.8721235869845887,-1.0,-1.0,-1.0,0.002477618857816422,0.0006332083166621633,-1.0,-1.0,-1.0,12.138872329585718,7.375866275834504,-1.0,-1.0,-1.0,0.003939946781238199,0.045104136991295375,-1.0,-1.0,-1.0,10.318686987253326,3.8721235869845887,-1.0,-1.0,-1.0,0.002211536285080722,0.0012870159031129758,-1.0,-1.0,-1.0,12.337686603263526,6.476940540779455,-1.0,-1.0,-1.0,netflix
19,1155.7,0.0,2233.7142483615344,4989479.343333335,3.082961259521826,10.814877786484775,0.0,0.0,1918.5,3118.7000000000007,16.0,1.3333333333333333,3.0,1.0,7.733333333333333,0.0,12.860620341008262,165.3955555555555,1.4808351132250688,0.7046169765668604,0.0,0.0,12.75,31.400000000000006,1.3333333333333333,0.0072773445268755795,0.006286302641840799,0.016348617020672133,-1.0,-1.0,10.374716437208077,7.913824105551804,3.5315768718665455,-1.0,-1.0,0.005653166916574653,0.005854915600510271,0.0034788182595700237,-1.0,-1.0,11.943261826330119,8.86694729378943,5.243844846099058,-1.0,-1.0,0.003207753704012019,0.00362150169060589,0.04808827252147143,-1.0,-1.0,10.262960128630226,7.8710848929327035,3.8721235869845887,-1.0,-1.0,0.0002011572834113744,0.0028134433841534535,0.001383252710807976,-1.0,-1.0,13.974139089593352,9.159777155454433,6.102392602978154,-1.0,-1.0,91677.43333333333,0.0,158764.1051246961,25206041076.04555,1.3749420316544105,0.34602284981440734,0.0,0.0,160046.0,344627.4000000001,16.0,1.3333333333333333,3.0,1.0,8.633333333333333,0.0,14.309631566031166,204.76555555555558,1.5675553485057776,1.109312497647716,0.0,0.0,14.25,37.1,1.3333333333333333,3.0,1.0,0.00417252999732842,0.051169580118172735,-1.0,-1.0,-1.0,10.318686987253326,3.8721235869845887,-1.0,-1.0,-1.0,0.000652432939356927,0.0008715906544878628,-1.0,-1.0,-1.0,13.381681437132773,7.063153743733091,-1.0,-1.0,-1.0,0.002709773393150269,0.005535377894906064,0.04459042990840802,-1.0,-1.0,10.097578803154006,7.828576496701601,3.8721235869845887,-1.0,-1.0,0.0003282823940486751,0.002705137825062849,0.001828120804418147,-1.0,-1.0,13.600850829748188,9.82784428885496,6.004056278505702,-1.0,-1.0,netflix
20,683.8666666666667,0.0,1134.3083864432792,1286655.5155555557,1.4793688033159076,0.8850398107668087,0.0,0.0,1313.5,2261.4,16.0,2.2857142857142856,3.0,1.0,6.966666666666667,0.0,11.623204759828027,135.0988888888889,1.385914457110841,0.4004687946123111,0.0,0.0,11.75,26.1,2.2857142857142856,0.002567006283842197,0.004111015477298592,0.048880498325465795,-1.0,-1.0,10.431050121535486,6.168843301631763,3.8721235869845887,-1.0,-1.0,0.0015148169579354666,0.0006776270312506386,0.002813761436204478,-1.0,-1.0,12.337686603263526,8.0,5.329730188332646,-1.0,-1.0,0.0019908085776954624,0.00312544336247317,0.05187371874650219,-1.0,-1.0,10.374716437208077,6.168843301631763,3.8721235869845887,-1.0,-1.0,0.0007730396827280945,0.0006127479524261745,0.0023574955105062348,-1.0,-1.0,12.745137210738136,8.0,5.417022187747571,-1.0,-1.0,76970.53333333334,0.0,139156.2489102887,19364461610.782227,1.6321859777606011,1.493028265265675,0.0,0.0,116554.5,267548.80000000005,18.0,2.25,3.0,1.0,7.333333333333333,0.0,12.61568688401688,159.15555555555554,1.4475837873576605,0.6555060641891908,0.0,0.0,11.5,28.400000000000006,2.25,3.0,1.0,0.00344976761955938,0.004105765751211901,0.04709737166333182,-1.0,-1.0,10.374716437208077,6.168843301631763,3.8721235869845887,-1.0,-1.0,0.0013264724615107567,0.0011932835621936684,0.003003777065231015,-1.0,-1.0,12.814342045461547,7.956795387869065,5.358670096213212,-1.0,-1.0,0.0016816485362337859,0.0026729435699143823,0.052268814831026904,0.0012660238977377188,-1.0,10.374716437208077,6.20233951074,3.8721235869845887,2.1575215955142397,-1.0,0.00068722515044976,0.0006420296386454066,0.002045425444109783,0.0011896009327274097,-1.0,12.745137210738136,8.043439208902422,5.476009691898362,2.365569421968682,-1.0,netflix
21,1379.0645161290322,0.0,3095.362566032048,9581269.415192505,2.9915895666553385,8.153719597669127,0.0,0.0,1662.0,3485.0,19.0,2.111111111111111,3.0,1.0,5.935483870967742,0.0,9.938311286002357,98.77003121748182,1.6330894305367563,1.6130709590307504,0.0,0.0,10.0,19.0,2.111111111111111,0.008404892716986734,0.006989954287056309,0.019000572745835328,-1.0,-1.0,10.374716437208077,8.043439208902422,2.9377008666739637,-1.0,-1.0,0.005999794293058017,0.006617505705695112,0.0013373316110326702,-1.0,-1.0,12.073315420747383,8.819060666462727,5.7495039897959295,-1.0,-1.0,0.0064562197804604385,0.04362340918045314,-1.0,-1.0,-1.0,7.744247173969177,3.8721235869845887,-1.0,-1.0,-1.0,0.0005214027329892459,0.002641338766322139,-1.0,-1.0,-1.0,11.13139500617541,6.004056278505702,-1.0,-1.0,-1.0,65556.16129032258,0.0,118548.22395020594,14053681401.748182,1.618051776454695,1.4153099375068372,0.0,0.0,74814.5,244444.0,19.0,2.111111111111111,3.0,1.0,6.419354838709677,0.0,10.133859544180899,102.6951092611863,1.4480855859645834,1.055682364499309,0.0,0.0,13.0,19.0,2.111111111111111,3.0,1.0,0.0031416924919499124,0.04840326249037203,-1.0,-1.0,-1.0,7.744247173969177,3.8721235869845887,-1.0,-1.0,-1.0,0.00033964320388081776,0.0011504417042868932,-1.0,-1.0,-1.0,10.431050121535486,6.168843301631763,-1.0,-1.0,-1.0,0.007314997015713891,0.04092125848181314,-1.0,-1.0,-1.0,7.744247173969177,3.8721235869845887,-1.0,-1.0,-1.0,0.0004560468154615553,0.0028825048013587234,-1.0,-1.0,-1.0,12.337686603263526,5.971630913165059,-1.0,-1.0,-1.0,netflix
22,767.0645161290323,0.0,1366.9460412571657,1868541.4797086369,1.628290051361957,1.4412972942115303,0.0,0.0,1142.0,2580.0,19.0,2.375,3.0,1.0,9.0,0.0,16.020148603877637,256.64516129032256,1.6452226859590973,1.4657323423626343,0.0,0.0,12.5,32.0,2.375,0.0065175568657715255,0.0026950552401028096,0.04456577810373757,-1.0,-1.0,10.318686987253326,5.93938066349101,3.8721235869845887,-1.0,-1.0,0.0018661158725317884,0.0009797505355584614,0.002478882803197265,-1.0,-1.0,12.95388108155891,7.578303926347862,5.358670096213212,-1.0,-1.0,0.006542723797329505,0.0026035625641741443,0.044317565679259006,-1.0,-1.0,10.318686987253326,6.004056278505702,3.8721235869845887,-1.0,-1.0,0.0016551409677935077,0.0012977366689531534,0.0023654222653779894,-1.0,-1.0,13.024219374858783,7.537376716129338,5.387767144931783,-1.0,-1.0,89505.09677419355,0.0,161990.99940794296,26241083889.184177,1.566693042923837,1.1702649238199925,0.0,0.0,119313.0,305287.0,19.0,2.375,3.0,1.0,9.806451612903226,0.0,17.804347701793752,316.9947970863684,1.7704694143964634,2.100506467129839,0.0,0.0,12.5,32.0,2.375,3.0,1.0,0.00637746334950228,0.002551320122214448,0.046246415291536926,-1.0,-1.0,10.318686987253326,6.168843301631763,3.8721235869845887,-1.0,-1.0,0.0009644451427234277,0.0012294026807838318,0.0018957191044383518,-1.0,-1.0,13.381681437132773,7.578303926347862,5.329730188332646,-1.0,-1.0,0.00749776832008966,0.0031973411753341272,0.04210449894706512,-1.0,-1.0,10.318686987253326,6.20233951074,3.8721235869845887,-1.0,-1.0,0.0015781776766818011,0.0020088595501910073,0.0024112620251424085,-1.0,-1.0,13.16604382523172,7.537376716129338,5.300946572638965,-1.0,-1.0,netflix
23,1170.0,0.0,2289.4270753473093,5241476.333333333,3.001020750137604,10.270736558435845,0.0,0.0,2202.0,3257.3000000000006,17.0,2.125,3.0,1.0,9.2,0.0,15.047480409246813,226.42666666666665,1.2091440046507822,-0.3794097572410724,0.0,0.0,13.5,35.300000000000004,2.125,0.01464011647175554,0.008853627912134484,0.008493533107870314,0.008909537292811407,-1.0,10.318686987253326,4.6297602945350045,3.203585511365387,2.470302127873867,-1.0,0.007007435095381314,0.007372323687764496,0.007804039492614312,0.008311230007444503,-1.0,12.539757119724424,6.987069544796676,3.8097266836353483,2.8747519948979647,-1.0,0.0013268904650224943,0.0027003482250814335,0.05276845235199035,-1.0,-1.0,10.207534227171136,7.744247173969177,3.8721235869845887,-1.0,-1.0,0.0010337417458864224,0.0013227102769260825,0.0011449860015162365,-1.0,-1.0,11.87876132698202,9.881208511495467,5.687570408676662,-1.0,-1.0,96035.3,0.0,166531.9207848053,27732880640.27666,1.277725570478661,-0.19778248872789295,0.0,0.0,97662.25,385950.60000000003,20.0,2.2222222222222223,3.0,1.0,10.1,0.0,16.561702811003464,274.29,1.2043499685199544,-0.34984213684651166,0.0,0.0,15.0,41.2,2.2222222222222223,3.0,1.0,0.0026119948844574776,0.0019318526398437556,0.05327851667511428,-1.0,-1.0,10.262960128630226,8.087114288413604,3.8721235869845887,-1.0,-1.0,0.0004272483198501646,0.0019101977438737417,0.0009746869246258773,-1.0,-1.0,13.381681437132773,8.53712320541459,5.843671176722588,-1.0,-1.0,0.002695286473128341,0.05128350806880667,-1.0,-1.0,-1.0,10.374716437208077,3.8721235869845887,-1.0,-1.0,-1.0,0.0016567639908273602,0.0012903681955163187,-1.0,-1.0,-1.0,12.271055982727647,5.656854249492381,-1.0,-1.0,-1.0,netflix
24,764.2857142857143,0.0,1387.1606111854858,1924214.5612244902,1.6407426411354886,1.4452676628941754,0.0,0.0,618.0,2574.6000000000004,17.0,1.8888888888888888,3.0,1.0,9.035714285714286,0.0,16.28645831633741,265.24872448979596,1.6225608925231711,1.370237565146276,0.0,0.0,7.5,31.900000000000002,1.8888888888888888,0.007698585035997692,0.04517429071209241,-1.0,-1.0,-1.0,10.374716437208077,3.8721235869845887,-1.0,-1.0,-1.0,0.0013777824986603282,0.001667149108811223,-1.0,-1.0,-1.0,13.454342644059432,6.949335341094825,-1.0,-1.0,-1.0,0.0075023706183785736,0.04549425470384832,-1.0,-1.0,-1.0,10.374716437208077,3.8721235869845887,-1.0,-1.0,-1.0,0.001190718677015186,0.0017995500000830384,-1.0,-1.0,-1.0,13.527398394154442,6.949335341094825,-1.0,-1.0,-1.0,97475.82142857143,0.0,188466.2552825256,35519529380.21812,1.8954291939903454,2.596647603442533,0.0,0.0,59069.75,350138.20000000007,17.0,1.8888888888888888,3.0,1.0,10.25,0.0,18.895624966037584,357.04464285714283,1.746644455657361,1.9393865721986003,0.0,0.0,7.75,37.2,1.8888888888888888,3.0,1.0,0.009352000811715801,0.040725213189285236,-1.0,-1.0,-1.0,10.374716437208077,3.8721235869845887,-1.0,-1.0,-1.0,0.002244560163262257,0.0015919586253925948,-1.0,-1.0,-1.0,13.237534141249554,7.178836300012429,-1.0,-1.0,-1.0,0.008542428403138241,0.04296009659651933,-1.0,-1.0,-1.0,10.374716437208077,3.8721235869845887,-1.0,-1.0,-1.0,0.0015212681038999682,0.002046127778637337,-1.0,-1.0,-1.0,13.454342644059432,7.025008641493198,-1.0,-1.0,-1.0,netflix
25,1200.8666666666666,0.0,2329.3991175599103,5426100.248888889,2.7620213221792995,8.613072341288632,0.0,0.0,2161.5,3464.300000000001,17.0,1.8888888888888888,3.0,1.0,10.166666666666666,0.0,17.123246057788098,293.2055555555556,1.3353220797266876,0.035747935202293135,0.0,0.0,12.75,45.0,1.8888888888888888,0.013534556208566115,0.009234586565403591,0.008287998735527088,0.009288604814339267,-1.0,10.318686987253326,6.168843301631763,4.362030930661031,2.45696107221374,-1.0,0.0068432167663672735,0.007696121001185329,0.008218872718418008,0.007731790687345583,-1.0,12.472035201902695,7.6194533672706966,4.860989439921876,3.5315768718665455,-1.0,0.0017588282600103154,0.0029060066548836122,0.0514992296559321,-1.0,-1.0,10.207534227171136,7.828576496701601,3.8721235869845887,-1.0,-1.0,6.706012136887164e-05,0.0017128513069809596,0.0008478159873973555,-1.0,-1.0,14.28013289055148,9.565315136318619,6.069436164792859,-1.0,-1.0,109338.06666666667,0.0,189433.11238885584,35884904069.32889,1.2901950444112469,-0.122725635837996,0.0,0.0,123644.0,441409.30000000005,17.0,1.8888888888888888,3.0,1.0,13.933333333333334,0.0,27.168527543628286,738.1288888888888,2.532535945522488,6.827984249153127,0.0,0.0,14.25,49.1,1.8888888888888888,3.0,1.0,0.0013385270496331016,0.002532627110784897,0.05280744559509396,-1.0,-1.0,10.207534227171136,7.786297670316933,3.8721235869845887,-1.0,-1.0,0.0001168433899067835,0.0013168173938776172,0.0011024263506726323,-1.0,-1.0,13.823609847694701,9.669474589012653,6.004056278505702,-1.0,-1.0,0.008443031433575925,0.035740078262388994,0.004240423604976906,-1.0,-1.0,10.374716437208077,3.8931488351584664,2.365569421968682,-1.0,-1.0,0.002572339987991221,0.0009554812794646555,0.004231750548907145,-1.0,-1.0,12.95388108155891,7.33603234563737,2.4436920659455152,-1.0,-1.0,netflix
26,593.5333333333333,0.0,1049.472748044888,1101393.0488888891,1.5474802082308166,1.174313814985572,0.0,0.0,1219.5,1937.4,21.0,2.625,3.0,1.0,5.733333333333333,0.0,10.069536014909303,101.39555555555555,1.5075998002021485,0.9645028207845838,0.0,0.0,10.75,20.1,2.625,0.001724062049380978,0.00452297818972169,0.048411547910039675,-1.0,-1.0,10.262960128630226,5.971630913165059,3.8721235869845887,-1.0,-1.0,0.0004543106802990719,0.0012275923205474324,0.004246397067629984,-1.0,-1.0,12.95388108155891,8.53712320541459,5.358670096213212,-1.0,-1.0,0.0014170479813742796,0.004141361174757186,0.04876029163987244,-1.0,-1.0,10.152407657533866,6.069436164792859,3.8721235869845887,-1.0,-1.0,0.00036052217494350424,0.0013745972778683858,0.003891336064731571,-1.0,-1.0,12.95388108155891,9.462277687874728,5.387767144931783,-1.0,-1.0,57106.9,0.0,108587.64798795793,11791277295.556664,2.03239503956383,3.5905624048011866,0.0,0.0,93378.75,172560.30000000002,21.0,2.625,3.0,1.0,5.9,0.0,10.403044426192427,108.22333333333333,1.529657342870189,1.062997716921453,0.0,0.0,10.75,21.1,2.625,3.0,1.0,0.004250296319931403,0.006934826777151904,0.039435996379578134,-1.0,-1.0,10.318686987253326,6.004056278505702,3.8721235869845887,-1.0,-1.0,0.001339603691171856,0.0018680308221930883,0.006045149856438953,-1.0,-1.0,12.814342045461547,8.043439208902422,5.215525060767743,-1.0,-1.0,0.004243084482653022,0.048049673669850766,-1.0,-1.0,-1.0,6.168843301631763,3.8721235869845887,-1.0,-1.0,-1.0,0.0003435303523767966,0.0038602198814772642,-1.0,-1.0,-1.0,13.024219374858783,5.387767144931783,-1.0,-1.0,-1.0,netflix
27,1083.6,0.0,2244.0878562718235,5035930.306666668,3.278205651792891,11.878760851183058,0.0,0.0,2040.0,2697.500000000001,18.0,2.5714285714285716,3.0,1.0,7.6,0.0,12.55282172793565,157.57333333333332,1.3915904793805869,0.627372485632133,0.0,0.0,18.0,23.60000000000001,2.5714285714285716,0.007834936923064813,0.009687684027412593,0.016092541925659034,-1.0,-1.0,10.318686987253326,7.828576496701601,3.8721235869845887,-1.0,-1.0,0.005169243217970749,0.007171776977375371,0.0052816963369851175,-1.0,-1.0,12.138872329585718,9.30979887022062,6.135527991363824,-1.0,-1.0,0.002209567718427935,0.050508696662417134,-1.0,-1.0,-1.0,7.6194533672706966,3.8721235869845887,-1.0,-1.0,-1.0,0.00017056172782920634,0.0018161894726561397,-1.0,-1.0,-1.0,10.374716437208077,6.547469799067858,-1.0,-1.0,-1.0,77325.93333333333,0.0,135525.59841346904,18367187825.328884,1.4941421715140295,0.9521680209234344,0.0,0.0,168589.25,250808.00000000003,21.0,2.625,3.0,1.0,8.1,0.0,13.15890066330264,173.15666666666667,1.2445416109766565,0.060980176568020905,0.0,0.0,20.25,26.300000000000004,2.625,3.0,1.0,0.0012796981864677947,0.004186738840383454,0.049670132188485115,-1.0,-1.0,10.318686987253326,5.626303975276062,3.8721235869845887,-1.0,-1.0,0.0005866462471429182,0.0006879578798634797,0.00418608867270782,-1.0,-1.0,12.472035201902695,8.21956759295011,5.535639527855328,-1.0,-1.0,0.0028081951107535963,0.05051723752273867,-1.0,-1.0,-1.0,7.786297670316933,3.8721235869845887,-1.0,-1.0,-1.0,0.0006866427638994298,0.0014965651495219207,-1.0,-1.0,-1.0,11.252607950552123,6.338153061009975,-1.0,-1.0,-1.0,netflix
28,700.3333333333334,0.0,1205.6190479952152,1453517.2888888887,1.3958202125592964,0.5027366646817533,0.0,0.0,1435.5,2455.8,20.0,2.5,3.0,1.0,7.666666666666667,0.0,13.008544200725234,169.22222222222214,1.327706254552133,0.18876108037451012,0.0,0.0,14.75,28.500000000000007,2.5,0.004140077648672984,0.05042249210435104,-1.0,-1.0,-1.0,10.374716437208077,3.8721235869845887,-1.0,-1.0,-1.0,0.0009736524791740082,0.0005133704957838185,-1.0,-1.0,-1.0,13.16604382523172,7.025008641493198,-1.0,-1.0,-1.0,0.0023834250407901237,0.05254299239803564,-1.0,-1.0,-1.0,10.374716437208077,3.8721235869845887,-1.0,-1.0,-1.0,0.0008865138582510466,0.0003407776755252331,-1.0,-1.0,-1.0,12.814342045461547,6.874477192489912,-1.0,-1.0,-1.0,78542.06666666667,0.0,135727.85420463834,18422050406.99556,1.3384209324933842,0.21483966364852636,0.0,0.0,164580.75,305905.8,20.0,2.5,3.0,1.0,8.166666666666666,0.0,13.834939665772149,191.40555555555557,1.3029265127910257,0.07193723296547905,0.0,0.0,14.75,31.300000000000004,2.5,3.0,1.0,0.0030843446654166672,0.05147609654868117,-1.0,-1.0,-1.0,10.374716437208077,3.8721235869845887,-1.0,-1.0,-1.0,0.0009743132523246596,0.00045496604997030817,-1.0,-1.0,-1.0,12.95388108155891,6.837351052401852,-1.0,-1.0,-1.0,0.0016083144031798363,0.053505731325379675,-1.0,-1.0,-1.0,10.374716437208077,3.8721235869845887,-1.0,-1.0,-1.0,0.000704313601130629,0.0003779052233098908,-1.0,-1.0,-1.0,12.67630612201995,6.837351052401852,-1.0,-1.0,-1.0,netflix
29,1275.3214285714287,0.0,2399.724970157614,5758679.93239796,2.7032443728301603,8.183824479675208,0.0,0.0,2485.5,3591.3,17.0,1.7,3.0,1.0,9.535714285714286,0.0,16.46312360323855,271.03443877551024,1.456322834652418,0.5298134577508313,0.0,0.0,9.0,35.500000000000014,1.7,0.00786295625289667,0.005557801990453403,0.021710541551768554,0.011227335391412829,-1.0,10.318686987253326,7.7024237745445,4.154536407845515,2.470302127873867,-1.0,0.002845231896740607,0.0053579918539941665,0.005476724609621707,0.0074754822993656905,-1.0,12.745137210738136,8.53712320541459,7.101505970106085,3.051196301489077,-1.0,0.0018516447661608552,0.0500965968651932,0.0016945503634310244,-1.0,-1.0,7.744247173969177,3.8721235869845887,2.2408755048192135,-1.0,-1.0,0.000820124735020702,0.001367388333478818,0.0016621716128231254,-1.0,-1.0,9.617253851621625,6.618767070624777,2.378414230005442,-1.0,-1.0,107637.67857142857,0.0,192324.86272377297,36988852821.71812,1.3821056899694302,0.21017936905140466,0.0,0.0,78419.5,457479.60000000003,17.0,1.7,3.0,1.0,11.178571428571429,0.0,19.073267701585028,363.78954081632656,1.4489118533244703,0.5018779041226828,0.0,0.0,13.5,42.80000000000001,1.7,3.0,1.0,0.0014819709303850463,0.004078705962186673,0.05268681853496023,-1.0,-1.0,10.318686987253326,7.744247173969177,3.8721235869845887,-1.0,-1.0,0.0012489428622745949,0.0014664341092979366,0.0016216456908577886,-1.0,-1.0,11.687342353445176,9.881208511495467,5.7495039897959295,-1.0,-1.0,0.0016844005504453152,0.04989100831066389,0.00201786208061968,-1.0,-1.0,7.786297670316933,3.8931488351584664,2.204765166615682,-1.0,-1.0,0.0008246361739539658,0.0011510736996900284,0.0019032251271653823,-1.0,-1.0,9.513656920021768,6.618767070624777,2.4173686472531632,-1.0,-1.0,netflix
30,804.1333333333333,0.0,1374.4492893115005,1889110.848888889,1.3125222339268963,0.14958830094543174,0.0,0.0,1543.5,2823.0000000000005,20.0,2.2222222222222223,3.0,1.0,9.633333333333333,0.0,16.320709407239487,266.36555555555555,1.255518676938548,-0.12375119815006208,0.0,0.0,16.75,36.1,2.2222222222222223,0.005433192472430393,0.05085040200347717,-1.0,-1.0,-1.0,10.318686987253326,3.8721235869845887,-1.0,-1.0,-1.0,0.001982885243629896,0.0010709131814283014,-1.0,-1.0,-1.0,12.745137210738136,7.217816671226496,-1.0,-1.0,-1.0,0.004372627298929216,0.05247619565393115,-1.0,-1.0,-1.0,10.374716437208077,3.8721235869845887,-1.0,-1.0,-1.0,0.0018536797445814596,0.0007868490781457022,-1.0,-1.0,-1.0,12.607846760863092,5.971630913165059,-1.0,-1.0,-1.0,109273.83333333333,0.0,187323.360272566,35090041303.80556,1.2577945464566724,-0.16672920564103677,0.0,0.0,182019.0,436368.10000000003,20.0,2.2222222222222223,3.0,1.0,10.733333333333333,0.0,18.368330233190918,337.3955555555555,1.3083354181548623,0.07866283288801901,0.0,0.0,16.75,40.1,2.2222222222222223,3.0,1.0,0.004887492439168279,0.051454811348536716,-1.0,-1.0,-1.0,10.374716437208077,3.8721235869845887,-1.0,-1.0,-1.0,0.0017765493277774628,0.000759253346823104,-1.0,-1.0,-1.0,12.745137210738136,6.987069544796676,-1.0,-1.0,-1.0,0.004501280822067731,0.051506322464531386,-1.0,-1.0,-1.0,10.374716437208077,3.8721235869845887,-1.0,-1.0,-1.0,0.0021055508411427708,0.0008623522958568077,-1.0,-1.0,-1.0,12.472035201902695,5.875401733347927,-1.0,-1.0,-1.0,netflix
31,1477.0645161290322,0.0,3104.0742834423268,9635277.157127995,2.873830735925721,7.621143004712746,0.0,0.0,1932.0,3593.0,17.0,2.4285714285714284,3.0,1.0,7.387096774193548,0.0,11.942543683646127,142.62434963579602,1.408571848584921,0.5616892613189415,0.0,0.0,12.0,26.0,2.4285714285714284,0.002804177470867708,0.02441896868928811,0.008527496915782277,-1.0,-1.0,10.775534289863566,3.9142882483508004,2.1575215955142397,-1.0,-1.0,0.0027973761260377153,0.0005277653450394302,0.0057618620482615315,-1.0,-1.0,11.071279055710656,7.786297670316933,2.5657400321575565,-1.0,-1.0,0.004457331536865117,0.04941073366077291,-1.0,-1.0,-1.0,10.318686987253326,3.8721235869845887,-1.0,-1.0,-1.0,0.000957238685697627,0.0006835757321231455,-1.0,-1.0,-1.0,13.16604382523172,7.537376716129338,-1.0,-1.0,-1.0,74805.93548387097,0.0,135500.73100170286,18360448101.99584,1.6385306273070355,1.491311164727211,0.0,0.0,101570.0,260601.0,19.0,2.375,3.0,1.0,7.967741935483871,0.0,12.655443482543562,160.16024973985432,1.404266260928312,0.8055778150240687,0.0,0.0,15.0,27.0,2.375,3.0,1.0,0.006457502169794811,0.003461565257608555,0.044506965972354706,-1.0,-1.0,10.318686987253326,5.971630913165059,3.8721235869845887,-1.0,-1.0,0.001970992536338924,0.0010121839185125612,0.0030156860413341974,-1.0,-1.0,12.883922655594034,7.66082624558859,5.300946572638965,-1.0,-1.0,0.0037129389151472664,0.04830249579283622,0.0023039362665890637,-1.0,-1.0,10.318686987253326,3.8931488351584664,2.277577269513383,-1.0,-1.0,0.0009309953074913497,0.000572470883817947,0.002283376311021398,-1.0,-1.0,13.024219374858783,7.6194533672706966,2.3913287840796547,-1.0,-1.0,netflix
32,692.1612903225806,0.0,1188.72632018813,1413070.2643080126,1.3116974459981663,0.08905940787249778,0.0,0.0,1178.0,2472.0,21.0,2.625,3.0,1.0,7.612903225806452,0.0,12.845678121842752,165.01144640998956,1.1913554992715958,-0.41926439775331215,0.0,0.0,13.5,29.0,2.625,0.0006809302414426226,0.05363314928038969,-1.0,-1.0,-1.0,10.431050121535486,3.8721235869845887,-1.0,-1.0,-1.0,0.000520206230070894,0.00042954735336681965,-1.0,-1.0,-1.0,11.943261826330119,8.445161426884457,-1.0,-1.0,-1.0,0.05664686894539951,-1.0,-1.0,-1.0,-1.0,3.8721235869845887,-1.0,-1.0,-1.0,-1.0,6.33751973978098e-05,-1.0,-1.0,-1.0,-1.0,10.659460376665292,-1.0,-1.0,-1.0,-1.0,77990.70967741935,0.0,138068.0530961251,19062787285.75442,1.4005989451226981,0.3972841280174926,0.0,0.0,106444.0,300407.0,21.0,2.625,3.0,1.0,8.290322580645162,0.0,14.062518354711113,197.75442247658697,1.2224624098228534,-0.2854001059518909,0.0,0.0,14.5,31.0,2.625,3.0,1.0,0.0009474752974733554,0.001761102290840409,0.052755668198409406,-1.0,-1.0,10.431050121535486,6.069436164792859,3.8721235869845887,-1.0,-1.0,0.0006251306644279259,0.0003388583860160475,0.001639498967357248,-1.0,-1.0,12.204785205956307,8.043439208902422,5.535639527855328,-1.0,-1.0,0.000756697872592926,0.0563908759156215,-1.0,-1.0,-1.0,6.236017600951348,3.8721235869845887,-1.0,-1.0,-1.0,4.2999888275158967e-05,0.0007494281339920561,-1.0,-1.0,-1.0,10.659460376665292,5.843671176722588,-1.0,-1.0,-1.0,netflix
33,1032.3214285714287,0.0,2263.5176015215698,5123511.93239796,3.3364900630199665,12.001243311810319,0.0,0.0,1824.0,2542.2,18.0,2.5714285714285716,3.0,1.0,7.285714285714286,0.0,12.671275566800524,160.56122448979593,1.4111446176720615,0.3800797830366691,0.0,0.0,7.0,29.6,2.5714285714285716,0.007827488482304419,0.011123762330878738,0.01909645248940323,0.007404405326086007,-1.0,10.374716437208077,6.069436164792859,4.021719604451211,2.378414230005442,-1.0,0.0048960225512676625,0.00567500773939585,0.0103587474743098,0.007347682413537594,-1.0,12.204785205956307,8.771432654531015,5.329730188332646,2.5657400321575565,-1.0,0.0021337082722155737,0.004423190401193975,0.05160630459724506,-1.0,-1.0,10.374716437208077,6.20233951074,3.8931488351584664,-1.0,-1.0,0.0009104166325723639,0.0014455916427090394,0.0035787084356340695,-1.0,-1.0,12.745137210738136,8.630086382056959,5.446436082552899,-1.0,-1.0,77210.25,0.0,142407.46386328636,20279885763.973213,1.6707217870589417,1.7498956958570533,0.0,0.0,51150.25,290884.5,18.0,2.5714285714285716,3.0,1.0,8.035714285714286,0.0,13.649914031275967,186.32015306122452,1.3610802136803977,0.20461398708618495,0.0,0.0,11.5,32.6,2.5714285714285716,3.0,1.0,0.004174443742525956,0.004928223382613089,0.04806246868774464,-1.0,-1.0,10.374716437208077,6.168843301631763,3.8721235869845887,-1.0,-1.0,0.0017302647594951068,0.0012581404889137426,0.003623634856416234,-1.0,-1.0,12.745137210738136,7.913824105551804,5.358670096213212,-1.0,-1.0,0.001610628536273934,0.004563671473357547,0.05142775624950728,0.001960388043711501,-1.0,10.374716437208077,6.168843301631763,3.8931488351584664,2.122754454578524,-1.0,0.0008648015848185135,0.0013455126826574324,0.004035165893508409,0.0016445952733273698,-1.0,12.539757119724424,9.159777155454433,5.505743883018121,2.4173686472531632,-1.0,netflix
34,591.7333333333333,0.0,1030.9078178425502,1062770.9288888888,1.5102316429208873,0.9735947188033762,0.0,0.0,1111.5,2007.6000000000004,20.0,2.5,3.0,1.0,5.7,0.0,9.808669634563088,96.20999999999998,1.462888151647849,0.6581704580959631,0.0,0.0,8.75,21.400000000000006,2.5,0.00292998726020796,0.00209791081959142,0.04771063834156971,-1.0,-1.0,10.431050121535486,5.93938066349101,3.8721235869845887,-1.0,-1.0,0.0023979880367043446,0.0012718247320075585,0.00200614871968448,-1.0,-1.0,11.814609167515995,7.744247173969177,5.446436082552899,-1.0,-1.0,0.0020447265763993677,0.0019898264386196845,0.04751156511230217,-1.0,-1.0,10.544636810128512,7.744247173969177,3.8721235869845887,-1.0,-1.0,0.001971643640865596,0.0016591246720008015,0.0018065296697928048,-1.0,-1.0,11.313708498984761,9.012172948865935,6.512109687429391,-1.0,-1.0,65065.4,0.0,116863.85815714509,13657161343.37333,1.6151769888358967,1.4429887814985154,0.0,0.0,116331.75,204735.60000000006,20.0,2.5,3.0,1.0,6.233333333333333,0.0,10.983877073035531,120.64555555555559,1.578507599929878,1.105223739298891,0.0,0.0,8.75,22.900000000000013,2.5,3.0,1.0,0.004162117763809605,0.002380296134136693,0.04540924610945227,-1.0,-1.0,10.431050121535486,5.7495039897959295,3.8721235869845887,-1.0,-1.0,0.0031113758312836808,0.0008870672391730966,0.0023544988313106254,-1.0,-1.0,11.943261826330119,7.66082624558859,5.446436082552899,-1.0,-1.0,0.003375199273748656,0.044114510773402685,-1.0,-1.0,-1.0,7.744247173969177,3.8721235869845887,-1.0,-1.0,-1.0,0.0016048366491073134,0.002084319199000327,-1.0,-1.0,-1.0,9.774768263782061,6.236017600951348,-1.0,-1.0,-1.0,netflix
35,1093.9354838709678,0.0,2215.6413319774256,4909066.5119667,3.142967812894026,11.163276041251839,0.0,0.0,1986.0,3377.0,17.0,1.8888888888888888,3.0,1.0,8.193548387096774,0.0,14.364875070673108,206.3496357960457,1.6726720521405896,1.692216869126625,0.0,0.0,12.0,27.0,1.8888888888888888,0.01007324048269385,0.007362601693334947,0.0072570148441530435,0.016379184547118484,0.005825576254547805,10.374716437208077,7.8710848929327035,6.236017600951348,3.8721235869845887,2.327449717555155,0.006293993809405259,0.007117036628618859,0.007094807872734416,0.006895967485996758,0.0056747417999533645,12.204785205956307,8.630086382056959,6.987069544796676,5.131480064315113,2.6077625303838716,0.0008743922976579068,0.05146674181271301,0.0022490678797562878,-1.0,-1.0,10.544636810128512,3.8721235869845887,2.122754454578524,-1.0,-1.0,0.0008100873528674714,0.00024949067344518346,0.0015589441632867503,-1.0,-1.0,11.499007979591859,6.547469799067858,2.470302127873867,-1.0,-1.0,87267.45161290323,0.0,159465.65943979987,25429296540.570232,1.5005902518603869,0.5614068982249818,0.0,0.0,93809.0,411908.0,20.0,2.0,3.0,1.0,8.741935483870968,0.0,15.366422846342992,236.12695109261188,1.7295293644619867,2.0849518934167444,0.0,0.0,15.0,28.0,2.0,3.0,1.0,0.0027924671383655003,0.0018176951282645336,0.04956671622372062,-1.0,-1.0,10.318686987253326,6.236017600951348,3.8721235869845887,-1.0,-1.0,0.0005541774312654488,0.0008493845866373507,0.001426538922925205,-1.0,-1.0,13.237534141249554,7.744247173969177,5.505743883018121,-1.0,-1.0,0.001863593935320371,0.049495963532533355,0.002606134550687216,-1.0,-1.0,10.431050121535486,3.8721235869845887,2.1112903567211143,-1.0,-1.0,0.0013020763635678441,0.00035300837395184744,0.001729773857080582,-1.0,-1.0,12.073315420747383,6.547469799067858,2.483715624146968,-1.0,-1.0,netflix
36,765.5714285714286,0.0,1345.9245475713346,1811512.8877551018,1.3342635679850836,0.0799244764022844,0.0,0.0,631.5,2968.8,18.0,2.25,3.0,1.0,9.107142857142858,0.0,15.80311742689281,249.7385204081632,1.2749639397505665,-0.18410505140869438,0.0,0.0,7.75,35.2,2.25,0.004440941842658299,0.05246115584196034,-1.0,-1.0,-1.0,7.744247173969177,3.8721235869845887,-1.0,-1.0,-1.0,0.00031297080826798247,0.0020758709767324823,-1.0,-1.0,-1.0,12.67630612201995,6.135527991363824,-1.0,-1.0,-1.0,0.0028046602832766396,0.05468884079853749,-1.0,-1.0,-1.0,7.7024237745445,3.8721235869845887,-1.0,-1.0,-1.0,0.0003621020265547942,0.0016900947174160969,-1.0,-1.0,-1.0,12.138872329585718,6.303923380431546,-1.0,-1.0,-1.0,104855.32142857143,0.0,185416.1111843254,34379134286.71812,1.2927556376738016,-0.1340587480496862,0.0,0.0,79867.75,426495.5,18.0,2.25,3.0,1.0,9.892857142857142,0.0,17.167950384602214,294.7385204081633,1.2643399788329364,-0.23640801518859567,0.0,0.0,8.25,38.900000000000006,2.25,3.0,1.0,0.003795368337411064,0.05375772175251981,-1.0,-1.0,-1.0,7.744247173969177,3.8721235869845887,-1.0,-1.0,-1.0,0.00033658801503000374,0.0017683592884143215,-1.0,-1.0,-1.0,12.337686603263526,6.135527991363824,-1.0,-1.0,-1.0,0.001166844309784072,0.0015833567942173158,0.05466716646022201,0.0014055455968311685,-1.0,10.374716437208077,7.786297670316933,3.8721235869845887,2.2530432372164837,-1.0,0.0007483423625414141,0.0010259584294429367,0.0010835319351164957,0.0014008480585794732,-1.0,12.204785205956307,9.30979887022062,6.58302191261586,2.327449717555155,-1.0,netflix
37,1484.2,0.0,5086.436122342113,25871832.42666667,4.897703872234762,22.95341598505582,0.0,0.0,1314.0,2158.8,18.0,2.25,3.0,1.0,8.133333333333333,0.0,15.770718295485326,248.71555555555557,2.4742473807241647,6.534517253304108,0.0,0.0,12.5,24.200000000000003,2.25,0.011945273343954947,0.007692668347928818,0.007663096523186881,0.013298425878814258,-1.0,10.318686987253326,8.087114288413604,6.303923380431546,3.85121188727225,-1.0,0.0060333684589042565,0.0076846574166217355,0.007383977222855367,0.006862557478111028,-1.0,12.40467902148,8.30907281569103,7.101505970106085,5.103767113585568,-1.0,0.008601658173113681,0.003457901335480885,0.037375012011786765,-1.0,-1.0,10.318686987253326,6.236017600951348,3.8721235869845887,-1.0,-1.0,0.00290270973947214,0.0025233322856735275,0.002695594726313471,-1.0,-1.0,12.745137210738136,7.4966705364412,5.329730188332646,-1.0,-1.0,84629.7,0.0,159944.369844466,25582201444.943333,2.045720359215909,3.9863884320799334,0.0,0.0,111319.5,303479.5,18.0,2.25,3.0,1.0,8.866666666666667,0.0,18.216720036518343,331.84888888888884,2.8878471336513583,9.200307254753248,0.0,0.0,12.5,26.200000000000003,2.25,3.0,1.0,0.006820751145804299,0.0020899985211906276,0.04445686135770576,-1.0,-1.0,10.318686987253326,6.269878559862212,3.8721235869845887,-1.0,-1.0,0.0018261225116318403,0.0014329827005687024,0.001665903146151626,-1.0,-1.0,12.95388108155891,7.456184193591156,5.476009691898362,-1.0,-1.0,0.00894180805948974,0.004171786032745414,0.03353494862113484,-1.0,-1.0,10.318686987253326,6.303923380431546,3.8721235869845887,-1.0,-1.0,0.0032893321036631044,0.0035432554485172363,0.0032180643361651093,-1.0,-1.0,12.67630612201995,7.415916500333542,5.329730188332646,-1.0,-1.0,netflix
38,1173.3333333333333,0.0,2606.519279720669,6793942.755555555,3.5139967971951815,13.46289729360156,0.0,0.0,1772.0,2839.0000000000014,21.0,2.3333333333333335,3.0,1.0,8.033333333333333,0.0,14.05342979094032,197.49888888888893,1.4553881803447641,0.608200458810769,0.0,0.0,11.25,33.2,2.3333333333333335,0.00784828993940379,0.011894952387284526,0.01986866418670943,-1.0,-1.0,10.318686987253326,6.269878559862212,3.8721235869845887,-1.0,-1.0,0.0037691003469952087,0.006771145101992785,0.007497950808723754,-1.0,-1.0,12.472035201902695,9.159777155454433,4.91392214442748,-1.0,-1.0,0.0013657988339228944,0.0032945069120361246,0.0512092814667644,-1.0,-1.0,10.374716437208077,6.236017600951348,3.8721235869845887,-1.0,-1.0,0.0007387203757469866,0.0010417308077428494,0.0022620611716877696,-1.0,-1.0,12.40467902148,8.819060666462727,5.387767144931783,-1.0,-1.0,94774.0,0.0,178899.59399711707,32005064732.333332,1.8140955451600589,2.2021198170310585,0.0,0.0,107391.5,380031.4000000001,21.0,2.3333333333333335,3.0,1.0,9.366666666666667,0.0,16.68229267483606,278.2988888888889,1.5585425410207878,1.0620520052599272,0.0,0.0,11.5,37.2,2.3333333333333335,3.0,1.0,0.0019966696122119113,0.003909049136157289,0.04673027986695888,0.0025964661869224055,-1.0,10.374716437208077,6.135527991363824,3.8721235869845887,2.204765166615682,-1.0,0.0012342024361271513,0.0008151459661918784,0.003153538854638524,0.0024867997484807193,-1.0,12.271055982727647,8.087114288413604,5.417022187747571,2.3913287840796547,-1.0,0.000943995381423519,0.0031228292946792404,0.05039376178997028,0.0017493983005883048,-1.0,10.374716437208077,6.236017600951348,3.8721235869845887,2.1692367244266184,-1.0,0.000738559175908829,0.0008552971941449615,0.0023202545266909017,0.0016571402154669712,-1.0,11.943261826330119,9.360350157466002,5.417022187747571,2.365569421968682,-1.0,netflix
39,773.2258064516129,0.0,1329.914712513488,1768673.1425598334,1.4772771832630256,0.6908889615585401,0.0,0.0,1020.0,3012.0,18.0,2.5714285714285716,3.0,1.0,8.838709677419354,0.0,15.554476119989568,241.94172736732574,1.4726206678955276,0.519493798988997,0.0,0.0,10.0,37.0,2.5714285714285716,0.0018741010262277643,0.004058303377867951,0.04961056292806419,-1.0,-1.0,10.318686987253326,6.168843301631763,3.8721235869845887,-1.0,-1.0,3.563678190563785e-05,0.00054875778527383,0.002775192525564577,-1.0,-1.0,14.67206469127474,8.087114288413604,5.300946572638965,-1.0,-1.0,0.002112192240069798,0.003553923732954936,0.049169509483578705,-1.0,-1.0,10.318686987253326,6.168843301631763,3.8721235869845887,-1.0,-1.0,0.0001680763904041158,0.0008577580528490415,0.002673617503862757,-1.0,-1.0,13.748954384979823,8.043439208902422,5.358670096213212,-1.0,-1.0,101830.51612903226,0.0,191607.39193547377,36713392644.314255,1.6867435686417027,1.457413559093145,0.0,0.0,90972.5,483117.0,21.0,2.625,3.0,1.0,9.419354838709678,0.0,17.070582493885237,291.40478668054106,1.532942713323646,0.7160698947531343,0.0,0.0,10.0,40.0,2.625,3.0,1.0,0.004572350789044684,0.004811017573438046,0.04309558982234239,-1.0,-1.0,10.318686987253326,6.102392602978154,3.8721235869845887,-1.0,-1.0,0.0007815558274945024,0.001114230931345626,0.0038217286518517093,-1.0,-1.0,13.309412642613891,7.8710848929327035,5.300946572638965,-1.0,-1.0,0.0023874856106430634,0.0032415606747410717,0.04807137504534559,-1.0,-1.0,10.318686987253326,6.135527991363824,3.8721235869845887,-1.0,-1.0,0.000325847235551668,0.0010746701090879377,0.0028182557513827225,-1.0,-1.0,13.454342644059432,8.0,5.446436082552899,-1.0,-1.0,netflix
40,1586.8333333333333,0.0,3416.640095018626,11673429.538888888,2.7138098773777353,6.548474419699673,0.0,0.0,1974.5,4141.3,20.0,2.5,3.0,1.0,8.066666666666666,0.0,13.544822709146928,183.46222222222232,1.4081390911416656,0.6094023559851114,0.0,0.0,14.25,30.1,2.5,0.00217976360579562,0.02244548471790233,0.010797610262338914,-1.0,-1.0,10.487689692198115,4.132099516084914,2.4436920659455152,-1.0,-1.0,0.0019944344962878092,0.001555174930426649,0.006385058696885431,-1.0,-1.0,11.561446455816373,8.676946897706474,3.0183288551868457,-1.0,-1.0,0.004058056432080969,0.048672675353834655,-1.0,-1.0,-1.0,10.374716437208077,3.8721235869845887,-1.0,-1.0,-1.0,0.0017838705612994448,0.0011093751676963907,-1.0,-1.0,-1.0,12.607846760863092,6.338153061009975,-1.0,-1.0,-1.0,88745.6,0.0,158089.1278835244,24992172354.973335,1.5080564354762829,0.8118843310020254,0.0,0.0,145172.25,385839.3,20.0,2.5,3.0,1.0,9.066666666666666,0.0,14.744339780253151,217.39555555555555,1.2968886868312857,0.2472193294771654,0.0,0.0,16.25,33.1,2.5,3.0,1.0,0.0022752500515776535,0.0035617843920104763,0.04854559839589751,-1.0,-1.0,10.318686987253326,7.744247173969177,3.8721235869845887,-1.0,-1.0,0.0009126059312125079,0.002135929144378844,0.002290876315074055,-1.0,-1.0,12.745137210738136,9.462277687874728,5.875401733347927,-1.0,-1.0,0.005603086285497166,0.0478584110187799,-1.0,-1.0,-1.0,10.374716437208077,3.8721235869845887,-1.0,-1.0,-1.0,0.0021033820079331134,0.0007384864462503444,-1.0,-1.0,-1.0,12.745137210738136,6.547469799067858,-1.0,-1.0,-1.0,netflix
41,626.0645161290323,54.0,1120.8628282303937,1256333.479708637,1.7997732333530236,2.2327681383051656,0.0,54.0,459.0,2186.0,14.0,1.5555555555555556,3.0,1.0,6.935483870967742,1.0,11.937837605753929,142.5119667013527,1.8424611374419917,2.679413956943548,0.0,1.0,8.5,24.0,1.5555555555555556,0.004433944301579157,0.0038611446435745673,0.041104944614717316,-1.0,-1.0,10.374716437208077,5.780723227908187,3.8721235869845887,-1.0,-1.0,0.002250325669946712,0.0013763380547220556,0.003812195822721348,-1.0,-1.0,12.40467902148,7.828576496701601,5.417022187747571,-1.0,-1.0,0.0037641090988227884,0.04051438280585422,-1.0,-1.0,-1.0,10.374716437208077,3.8721235869845887,-1.0,-1.0,-1.0,0.002154180795115093,0.0014650126490913982,-1.0,-1.0,-1.0,12.337686603263526,7.828576496701601,-1.0,-1.0,-1.0,71061.45161290323,60.0,138026.6113130734,19051345430.57024,2.116702268631464,3.8632875560150524,0.0,60.0,88980.0,255170.0,15.0,1.6666666666666667,3.0,1.0,7.387096774193548,1.0,13.099316454352872,171.5920915712799,1.9434709657300897,3.2428741029442074,0.0,1.0,9.0,25.0,1.6666666666666667,3.0,1.0,0.00537228625950306,0.005503751034821318,0.03353137388404608,-1.0,-1.0,10.374716437208077,5.971630913165059,3.85121188727225,-1.0,-1.0,0.0035931690342417893,0.0013515934703185583,0.004769155638229471,-1.0,-1.0,12.138872329585718,7.8710848929327035,5.187358218604039,-1.0,-1.0,0.0036597892331589987,0.03950363619173028,-1.0,-1.0,-1.0,10.374716437208077,3.8721235869845887,-1.0,-1.0,-1.0,0.0023066165035452524,0.0017519985256909721,-1.0,-1.0,-1.0,12.204785205956307,7.8710848929327035,-1.0,-1.0,-1.0,netflix
42,1105.3225806451612,162.0,2210.216284659487,4885056.024973986,4.076690953064041,17.663127215739298,0.0,162.0,1426.0,2245.0,13.0,1.625,2.0,1.0,8.709677419354838,2.0,11.173683218622912,124.85119667013527,0.9741542323299682,-0.5558190469581592,0.0,2.0,18.0,28.0,1.625,0.0043247991442247,0.007209619070218029,0.019888930419551892,-1.0,-1.0,10.374716437208077,7.7024237745445,3.85121188727225,-1.0,-1.0,0.003606174632945708,0.004120638502565621,0.006113421642421637,-1.0,-1.0,11.750803466695855,9.565315136318619,6.512109687429391,-1.0,-1.0,0.005727065960612307,0.039957288161539796,0.004673445401259476,-1.0,-1.0,10.318686987253326,3.9142882483508004,2.1575215955142397,-1.0,-1.0,0.0007845158832918507,0.0017131792815052826,0.0037431722701522126,-1.0,-1.0,13.527398394154442,6.407171022730774,2.551883556792784,-1.0,-1.0,88811.87096774194,120.0,136536.01872759932,18642084409.983353,1.4651408578759963,1.1463661518482544,0.0,120.0,158002.0,278456.0,13.0,1.625,2.0,1.0,9.580645161290322,2.0,12.14635002536176,147.53381893860563,0.9483219573491601,-0.558460032999216,0.0,2.0,18.5,28.0,1.625,2.0,1.0,0.004225373861518397,0.0034018905272292146,0.03934660548392678,0.0049235928873709155,-1.0,10.318686987253326,7.913824105551804,3.9355424464663518,2.122754454578524,-1.0,0.001380426721482524,0.003199676667782414,0.002346775195133925,0.00321257752089688,-1.0,12.883922655594034,8.771432654531015,6.372568605369068,2.5936791093020193,-1.0,0.004445852087957146,0.003134122093134716,0.040772099193731974,0.004105132365168105,-1.0,10.318686987253326,8.131026519287625,3.9142882483508004,2.204765166615682,-1.0,0.0013628032528686012,0.0031100939685582566,0.0015370244277766896,0.003904532311134155,-1.0,12.95388108155891,8.53712320541459,6.441961327797017,2.470302127873867,-1.0,netflix
43,656.516129032258,376.0,700.8084212452368,491132.4432882413,0.6106387924529137,-0.8907851423810342,0.0,376.0,1053.0,1512.0,12.0,1.7142857142857142,2.0,1.0,6.580645161290323,1.0,11.006667168785112,121.14672216441208,1.5548165697171838,0.9698698606464768,0.0,1.0,4.0,25.0,1.7142857142857142,0.004465344011781078,0.0033159205127102596,0.04362939104253044,-1.0,-1.0,10.487689692198115,6.168843301631763,3.8721235869845887,-1.0,-1.0,0.003462678347519677,0.0008933681690157347,0.0022984906108204834,-1.0,-1.0,11.943261826330119,7.828576496701601,5.300946572638965,-1.0,-1.0,0.0017604487480557304,0.04643662642323854,-1.0,-1.0,-1.0,10.60189314527793,3.8721235869845887,-1.0,-1.0,-1.0,0.0017003612570664832,0.0005615382535690874,-1.0,-1.0,-1.0,11.375140817353325,7.8710848929327035,-1.0,-1.0,-1.0,71524.96774193548,60.0,139396.19030210577,19431297870.740883,1.6916097759885187,1.4528592249519727,0.0,60.0,609.0,256481.0,14.0,1.75,2.0,1.0,6.838709677419355,1.0,11.835149328394223,140.07075962539022,1.5415335033534652,0.8433934072437954,0.0,1.0,2.5,28.0,1.75,2.0,1.0,0.0018164655449552569,0.0460766123192201,0.002140417255785714,-1.0,-1.0,10.60189314527793,3.8721235869845887,2.3023784599059653,-1.0,-1.0,0.0016981455184330058,0.00041728367792701136,0.002133834700541573,-1.0,-1.0,11.499007979591859,7.744247173969177,2.378414230005442,-1.0,-1.0,0.047605358098614374,-1.0,-1.0,-1.0,-1.0,3.8721235869845887,-1.0,-1.0,-1.0,-1.0,0.0001898756903177561,-1.0,-1.0,-1.0,-1.0,7.8710848929327035,-1.0,-1.0,-1.0,-1.0,netflix
44,1045.1333333333334,459.0,2186.8606072531365,4782359.315555557,4.276115452247446,18.86354762750802,0.0,459.0,1120.5,1893.1,14.0,1.75,2.0,1.0,7.8,1.0,12.679116688476372,160.76000000000005,1.5027580906078986,0.9121164392004344,0.0,1.0,13.0,31.1,1.75,0.008547515893700312,0.010247339582355056,0.016625328976733144,-1.0,-1.0,10.374716437208077,5.417022187747571,3.830413122794295,-1.0,-1.0,0.005224755421591777,0.005241251454362148,0.01004093035055337,-1.0,-1.0,12.271055982727647,8.131026519287625,4.940604255747734,-1.0,-1.0,0.0012212258619130965,0.04859373952663034,-1.0,-1.0,-1.0,10.659460376665292,3.8721235869845887,-1.0,-1.0,-1.0,0.0012137413917726926,0.0011371296620595458,-1.0,-1.0,-1.0,11.13139500617541,9.565315136318619,-1.0,-1.0,-1.0,89677.6,60.0,163753.7050641603,26815275922.240005,1.6279142725389248,1.2580871181019866,0.0,60.0,133402.5,362178.60000000015,14.0,1.75,2.0,1.0,8.866666666666667,1.0,14.77776106933057,218.3822222222222,1.792148421255092,2.52776912266366,0.0,1.0,14.5,34.1,1.75,2.0,1.0,0.004738607880874346,0.04556230068224152,-1.0,-1.0,-1.0,7.744247173969177,3.8721235869845887,-1.0,-1.0,-1.0,0.0005500002184304277,0.0021006314426333878,-1.0,-1.0,-1.0,10.318686987253326,6.168843301631763,-1.0,-1.0,-1.0,0.0024023861025130855,0.04450911905021256,-1.0,-1.0,-1.0,10.487689692198115,3.8721235869845887,-1.0,-1.0,-1.0,0.0020423869287777554,0.00113799048185601,-1.0,-1.0,-1.0,11.814609167515995,8.0,-1.0,-1.0,-1.0,netflix
45,638.7741935483871,0.0,929.1927023194405,863399.0780437044,1.303505411444854,0.5911073829834206,0.0,0.0,994.0,2042.0,18.0,2.25,3.0,1.0,6.709677419354839,0.0,11.368302135513852,129.23829344432883,1.339117263956466,0.2289767045458655,0.0,0.0,10.0,25.0,2.25,0.005064744034838808,0.045169528359854966,-1.0,-1.0,-1.0,10.374716437208077,3.8721235869845887,-1.0,-1.0,-1.0,0.0019857965062503183,0.0006849727365066537,-1.0,-1.0,-1.0,12.67630612201995,7.4966705364412,-1.0,-1.0,-1.0,0.0013768319930576689,0.05341957887275105,-1.0,-1.0,-1.0,10.374716437208077,3.8721235869845887,-1.0,-1.0,-1.0,0.000928893841990247,0.00048256685695259913,-1.0,-1.0,-1.0,12.138872329585718,6.727171322029716,-1.0,-1.0,-1.0,68514.64516129032,0.0,125941.2607296132,15861201154.164412,1.6801247427813923,1.712063581030515,0.0,0.0,81919.0,243334.0,19.0,2.375,3.0,1.0,7.096774193548387,0.0,12.158509136932965,147.82934443288238,1.3771356528109722,0.43929698208159396,0.0,0.0,11.0,27.0,2.375,3.0,1.0,0.005233423313349055,0.0031424826047416325,0.04484021722964027,-1.0,-1.0,10.318686987253326,5.780723227908187,3.8721235869845887,-1.0,-1.0,0.0021276224180174553,0.001203440976439516,0.0030821082234905282,-1.0,-1.0,12.67630612201995,7.66082624558859,5.387767144931783,-1.0,-1.0,0.0016193201047722732,0.05337234898940005,-1.0,-1.0,-1.0,10.374716437208077,3.8721235869845887,-1.0,-1.0,-1.0,0.0008233351592997884,0.00054862210964152,-1.0,-1.0,-1.0,12.472035201902695,6.6547063213069455,-1.0,-1.0,-1.0,netflix
46,1082.9333333333334,0.0,2688.412765100544,7227563.195555555,3.695141341330239,14.558977272110859,0.0,0.0,94.5,3304.3,20.0,2.5,3.0,1.0,8.5,0.0,15.331340450201997,235.05,1.3631804197330468,0.017375222070498353,0.0,0.0,1.75,38.0,2.5,0.004815286820812258,0.02577687835491335,-1.0,-1.0,-1.0,10.374716437208077,3.85121188727225,-1.0,-1.0,-1.0,0.0033315255756991625,0.0036533151952397856,-1.0,-1.0,-1.0,12.073315420747383,8.771432654531015,-1.0,-1.0,-1.0,0.002622802926164132,0.04896681055404912,-1.0,-1.0,-1.0,7.7024237745445,3.8721235869845887,-1.0,-1.0,-1.0,0.00042155508407531317,0.0015389008390175598,-1.0,-1.0,-1.0,10.431050121535486,6.135527991363824,-1.0,-1.0,-1.0,98526.93333333333,0.0,182406.11441504795,33271990575.99556,1.396157454495958,0.11914086361934295,0.0,0.0,105.0,439142.2,20.0,2.5,3.0,1.0,9.8,0.0,17.997036793131628,323.8933333333335,1.4577403886766045,0.3868439705629898,0.0,0.0,1.75,40.90000000000001,2.5,3.0,1.0,0.001065609373967546,0.0025831359142485886,0.04849372340770582,-1.0,-1.0,10.318686987253326,7.66082624558859,3.8721235869845887,-1.0,-1.0,0.0008863719616105911,0.0010555995197225846,0.0017616152054375461,-1.0,-1.0,11.750803466695855,9.881208511495467,5.71845335356788,-1.0,-1.0,0.0016803166718431454,0.04827856321274627,0.0023192847684903794,-1.0,-1.0,7.66082624558859,3.8721235869845887,2.2167368234473575,-1.0,-1.0,0.00018369380817468046,0.0012852138968953485,0.00227892085155446,-1.0,-1.0,10.207534227171136,6.512109687429391,2.365569421968682,-1.0,-1.0,netflix
47,763.0,27.0,1265.8652903580748,1602414.9333333333,1.4255228737954821,0.6270420692887901,0.0,27.0,1423.0,2555.0,15.0,1.6666666666666667,3.0,1.0,8.466666666666667,0.5,14.22376727718629,202.3155555555555,1.40380796101638,0.44549847117824104,0.0,0.5,14.0,31.500000000000007,1.6666666666666667,0.004860535944925984,0.0024551668861066056,0.04771952470338391,-1.0,-1.0,10.374716437208077,6.036657710373691,3.8721235869845887,-1.0,-1.0,0.0026403832191751954,0.0012677265388880673,0.0022269300679396615,-1.0,-1.0,12.337686603263526,7.6194533672706966,5.387767144931783,-1.0,-1.0,0.00287356878282813,0.04884975878769082,-1.0,-1.0,-1.0,10.431050121535486,3.8721235869845887,-1.0,-1.0,-1.0,0.0023897504667708493,0.000838107995373959,-1.0,-1.0,-1.0,11.750803466695855,7.7024237745445,-1.0,-1.0,-1.0,92083.26666666666,0.0,161330.79285202257,26027624722.262215,1.3988555984521511,0.4052489014388376,0.0,0.0,136589.25,358397.10000000003,18.0,1.8,3.0,1.0,9.633333333333333,0.0,16.614217472460812,276.0322222222222,1.5028846159411675,0.8695361479577066,0.0,0.0,15.0,37.400000000000006,1.8,3.0,1.0,0.004235796824606009,0.002355976023771904,0.0484686308251904,-1.0,-1.0,10.374716437208077,6.135527991363824,3.8721235869845887,-1.0,-1.0,0.002604594907041256,0.0010869964617615283,0.001953818076710361,-1.0,-1.0,12.204785205956307,7.66082624558859,5.387767144931783,-1.0,-1.0,0.0027041567068510895,0.04775182986260888,0.0016343244627079285,-1.0,-1.0,10.487689692198115,3.8721235869845887,2.2408755048192135,-1.0,-1.0,0.0024100109781005795,0.0006273154378932574,0.0015825364956462103,-1.0,-1.0,11.624223966792421,7.744247173969177,2.404313462905406,-1.0,-1.0,netflix
48,1122.4666666666667,0.0,2624.7206039669986,6889158.2488888865,3.8863285015060853,16.04500476818776,0.0,0.0,2015.0,2753.9,18.0,2.0,3.0,1.0,7.633333333333334,0.0,12.676706547399798,160.6988888888889,1.3300318946731875,0.17665058626458352,0.0,0.0,15.75,25.200000000000017,2.0,0.006377289036513373,0.009600088457467659,0.023873673888965663,0.006956589325383977,-1.0,10.207534227171136,7.7024237745445,3.830413122794295,2.3400875393665004,-1.0,0.0022677276695712645,0.006096783284156574,0.006117416332627773,0.00670365766461857,-1.0,12.745137210738136,9.462277687874728,5.505743883018121,2.5657400321575565,-1.0,0.0027944805444892135,0.002390154366843317,0.05243024373314753,-1.0,-1.0,10.318686987253326,7.8710848929327035,3.8721235869845887,-1.0,-1.0,0.0009099592795421003,0.002151953671145079,0.0010107808129242394,-1.0,-1.0,12.814342045461547,8.86694729378943,5.476009691898362,-1.0,-1.0,75418.36666666667,0.0,130931.29791038844,17143004772.49889,1.3839820080199552,0.41293300220515405,0.0,0.0,161398.5,254197.40000000008,18.0,2.0,3.0,1.0,8.4,0.0,14.05133445620024,197.44000000000008,1.390482028578899,0.4568350904544105,0.0,0.0,16.0,27.900000000000013,2.0,3.0,1.0,0.004163364366115528,0.0021142367442507303,0.050430505587719936,-1.0,-1.0,10.374716437208077,6.236017600951348,3.8721235869845887,-1.0,-1.0,0.002072040073091234,0.001194571557690168,0.0014864235502918565,-1.0,-1.0,12.472035201902695,7.6194533672706966,5.417022187747571,-1.0,-1.0,0.0033814019800994985,0.003401835861432901,0.05091905006717579,-1.0,-1.0,10.262960128630226,7.8710848929327035,3.8721235869845887,-1.0,-1.0,0.000493826235211856,0.0028149954838323442,0.0011667091555710202,-1.0,-1.0,13.381681437132773,9.061108156789754,5.505743883018121,-1.0,-1.0,netflix
49,792.6666666666666,0.0,1361.520481749071,1853738.0222222225,1.3472399628399645,0.19631926302892566,0.0,0.0,1392.0,3154.4000000000005,19.0,2.375,3.0,1.0,9.366666666666667,0.0,16.20181745635004,262.49888888888887,1.377574644385532,0.24179441769931342,0.0,0.0,13.75,38.400000000000006,2.375,0.0008509188458919198,0.0010923744695208743,0.05363489408571641,-1.0,-1.0,10.60189314527793,6.441961327797017,3.8721235869845887,-1.0,-1.0,0.0008395336696756,0.000728670945108717,0.0008981658714345451,-1.0,-1.0,11.19183738030649,9.209513839623861,5.595918690153245,-1.0,-1.0,0.0013469185488374949,0.05362916879726518,0.0012792718941402102,-1.0,-1.0,6.476940540779455,3.8721235869845887,2.1575215955142397,-1.0,-1.0,8.645377091527216e-05,0.0011380197931238132,0.001192398556175136,-1.0,-1.0,10.207534227171136,5.626303975276062,2.365569421968682,-1.0,-1.0,101077.36666666667,0.0,176787.46397835706,31253807419.8989,1.3593342309190706,0.18100047227397997,0.0,0.0,137894.25,415103.60000000003,18.0,2.5714285714285716,3.0,1.0,10.133333333333333,0.0,17.396806858986764,302.6488888888889,1.3366961636098236,0.05287331374034343,0.0,0.0,13.75,43.1,2.5714285714285716,3.0,1.0,0.0010865101752363065,0.053276020736016214,0.001295897100901494,-1.0,-1.0,7.744247173969177,3.8721235869845887,2.228773485191785,-1.0,-1.0,0.0006972254451495651,0.0006879743872872676,0.0012846482003438392,-1.0,-1.0,9.41117593320225,5.780723227908187,2.327449717555155,-1.0,-1.0,0.0008733046251515055,0.055118264333679355,0.0012369936643007672,-1.0,-1.0,7.537376716129338,3.8721235869845887,2.0998881716013744,-1.0,-1.0,0.0003154856965955644,0.0007230953924599579,0.0009349272133785689,-1.0,-1.0,9.881208511495467,5.780723227908187,2.404313462905406,-1.0,-1.0,netflix
50,1540.9032258064517,0.0,3515.81471634485,12360953.119667016,2.940046288117475,7.759711976717357,0.0,0.0,2015.0,3595.0,19.0,2.375,3.0,1.0,8.225806451612904,0.0,14.152874271895707,200.3038501560874,1.4418824628702727,0.6071922405866941,0.0,0.0,10.5,31.0,2.375,0.01706430246829,0.013037695339423764,-1.0,-1.0,-1.0,5.875401733347927,2.9536522918789987,-1.0,-1.0,-1.0,0.0017835601702003718,0.008622605723194727,-1.0,-1.0,-1.0,11.375140817353325,3.85121188727225,-1.0,-1.0,-1.0,0.05132427397550901,0.0015820271614782294,-1.0,-1.0,-1.0,3.8721235869845887,2.228773485191785,-1.0,-1.0,-1.0,0.0001639955770456504,0.001514862234837075,-1.0,-1.0,-1.0,8.131026519287625,2.4173686472531632,-1.0,-1.0,-1.0,90525.5,0.0,157797.7008619475,24900114397.316666,1.465887851224555,0.9057674050529303,0.0,0.0,192205.5,305778.7000000001,19.0,2.375,3.0,1.0,9.3,0.0,15.26248123121969,232.9433333333333,1.3261420829643586,0.2489165329369576,0.0,0.0,17.5,34.1,2.375,3.0,1.0,0.003411223742718636,0.001449621866050749,0.05097887755800233,-1.0,-1.0,10.431050121535486,6.004056278505702,3.8721235869845887,-1.0,-1.0,0.002377481060716843,0.0008080042247717072,0.0014030431190723337,-1.0,-1.0,12.008112557011405,7.537376716129338,5.565697503087705,-1.0,-1.0,0.003319357873503196,0.04982935289113866,-1.0,-1.0,-1.0,6.102392602978154,3.8721235869845887,-1.0,-1.0,-1.0,0.00031016898190186785,0.002715064071372388,-1.0,-1.0,-1.0,8.175177189232933,5.358670096213212,-1.0,-1.0,-1.0,netflix
51,561.0,0.0,969.4655572358755,939863.4666666667,1.545082600129959,0.9469260008253295,0.0,0.0,340.75,2063.6000000000004,17.0,2.4285714285714284,3.0,1.0,5.833333333333333,0.0,10.308841943798647,106.27222222222227,1.647195209544975,1.3421081272544386,0.0,0.0,4.25,22.400000000000006,2.4285714285714284,0.002249883218602769,0.04790991319795406,-1.0,-1.0,-1.0,7.7024237745445,3.8721235869845887,-1.0,-1.0,-1.0,0.00019578218574216644,0.001472168238368277,-1.0,-1.0,-1.0,10.152407657533866,6.407171022730774,-1.0,-1.0,-1.0,0.0016334339208863452,0.04548094725531155,-1.0,-1.0,-1.0,7.415916500333542,3.8721235869845887,-1.0,-1.0,-1.0,0.00026084257085359823,0.0016285641374315374,-1.0,-1.0,-1.0,9.988807817513639,7.14006644527574,-1.0,-1.0,-1.0,68238.70370370371,0.0,125078.68617640622,15644677735.615913,1.6542677202920353,1.4981458536443428,0.0,0.0,87135.5,228307.00000000012,17.0,2.8333333333333335,3.0,2.0,6.481481481481482,0.0,10.965840463205359,120.2496570644719,1.4740862966445776,0.6902017604488178,0.0,0.0,8.5,25.60000000000001,2.8333333333333335,3.0,2.0,0.0016163852078983233,0.0042618825166935515,0.04707083161597391,-1.0,-1.0,10.659460376665292,7.786297670316933,3.8721235869845887,-1.0,-1.0,0.0015467745968020196,0.0015523387770211316,0.002020736750260588,-1.0,-1.0,11.561446455816373,9.881208511495467,6.338153061009975,-1.0,-1.0,0.051324424522892535,-1.0,-1.0,-1.0,-1.0,3.85121188727225,-1.0,-1.0,-1.0,-1.0,0.0004971665945431901,-1.0,-1.0,-1.0,-1.0,9.774768263782061,-1.0,-1.0,-1.0,-1.0,netflix
52,1020.6666666666666,0.0,2456.323680263296,6033526.022222224,3.7906388736417815,15.293794021543189,0.0,0.0,1396.5,2697.700000000001,19.0,2.375,3.0,1.0,6.733333333333333,0.0,11.233679519888199,126.19555555555554,1.259634464099503,-0.1304074764100518,0.0,0.0,14.0,27.1,2.375,0.005607002010093704,0.006553358997547042,0.024638312090348145,-1.0,-1.0,10.318686987253326,7.6194533672706966,3.8721235869845887,-1.0,-1.0,0.004281398850077511,0.0050323033414268,0.006061592330384267,-1.0,-1.0,11.943261826330119,9.209513839623861,5.656854249492381,-1.0,-1.0,0.0034033346818708988,0.053361740334787626,-1.0,-1.0,-1.0,10.318686987253326,3.8721235869845887,-1.0,-1.0,-1.0,0.0005173817361889145,0.00043664156553875513,-1.0,-1.0,-1.0,13.454342644059432,6.949335341094825,-1.0,-1.0,-1.0,80203.36666666667,0.0,142470.71656320192,20297905078.032215,1.5108484039204821,0.9032962406575793,0.0,0.0,154803.75,280684.40000000014,20.0,2.5,3.0,1.0,7.066666666666666,0.0,11.834788642904536,140.0622222222222,1.240857560325989,-0.18173847019254108,0.0,0.0,14.0,27.1,2.5,3.0,1.0,0.007154075589284489,0.001662642381208873,0.047654933197577805,-1.0,-1.0,10.318686987253326,5.843671176722588,3.8721235869845887,-1.0,-1.0,0.0001374161396069917,0.001372989877760287,0.00166068999825744,-1.0,-1.0,14.592827083256427,7.178836300012429,5.656854249492381,-1.0,-1.0,0.002731623254888464,0.05385501609308178,-1.0,-1.0,-1.0,10.318686987253326,3.8721235869845887,-1.0,-1.0,-1.0,0.00044109336921380014,0.0005885259994221487,-1.0,-1.0,-1.0,13.454342644059432,6.618767070624777,-1.0,-1.0,-1.0,netflix
53,605.6774193548387,0.0,1069.5910399381255,1144024.9927159208,1.5139743905132341,0.9634011521863624,0.0,0.0,886.0,2042.0,20.0,2.0,3.0,1.0,6.096774193548387,0.0,10.522954444419781,110.73257023933402,1.4200771613675491,0.5216587474926455,0.0,0.0,8.5,22.0,2.0,0.0028318639771130545,0.0031932901028857647,0.04785399412908127,-1.0,-1.0,10.374716437208077,6.069436164792859,3.8721235869845887,-1.0,-1.0,0.0015561574302035476,0.000625265594405882,0.002569014463356841,-1.0,-1.0,12.40467902148,7.913824105551804,5.329730188332646,-1.0,-1.0,0.0023379239083153175,0.002761147346637212,0.04924851510057551,-1.0,-1.0,10.431050121535486,6.102392602978154,3.8721235869845887,-1.0,-1.0,0.0015362983890726846,0.0005500281809995313,0.002106900280436994,-1.0,-1.0,12.204785205956307,7.913824105551804,5.329730188332646,-1.0,-1.0,71489.70967741935,0.0,129642.56285305865,16807194103.109262,1.5805102720552144,1.235067984730371,0.0,0.0,85736.0,257196.0,20.0,2.0,3.0,1.0,6.290322580645161,0.0,10.815739869662169,116.98022892819981,1.375393743071842,0.2988606473010349,0.0,0.0,8.5,23.0,2.0,3.0,1.0,0.0036076934789000966,0.004093237696037829,0.0459701563653043,-1.0,-1.0,10.374716437208077,6.135527991363824,3.8721235869845887,-1.0,-1.0,0.0013994685005386865,0.000927681275391549,0.0029498378045106294,-1.0,-1.0,12.745137210738136,7.913824105551804,5.272318405064256,-1.0,-1.0,0.0023160609480350762,0.0027469149396200632,0.04996244895845659,-1.0,-1.0,10.374716437208077,6.168843301631763,3.8721235869845887,-1.0,-1.0,0.0013696309904189634,0.0005862194563942287,0.0018926010065792509,-1.0,-1.0,12.337686603263526,7.913824105551804,5.329730188332646,-1.0,-1.0,netflix
